game 2
ply 0|0000000000000000000000000000000000000000000000000000000|14 14 0 0|0 0 0 0|0 0 0 0|1|0||1 2 3 4 5 6 7 8 9 10 11 12 13 14 15 16 17 18 19 20 21 22 23 24 25 26 27 28 29 30 31 32 33 34 35 36 37 38 39 40 41 42 43 44 45 46 47 48 49 50 51 52 53 54 55
ply 47|0000000000000000000000000000000000000000000000100000000|13 14 0 0|0 0 0 0|0 0 0 0|2|0||1 2 3 4 5 6 7 8 9 10 11 12 13 14 15 16 17 18 19 20 21 22 23 24 25 26 27 28 29 30 31 32 33 34 35 36 37 38 39 40 41 42 43 44 45 46 48 49 50 51 52 53 54 55
ply 35|0000000000000000000000000000000000200000000000100000000|13 13 0 0|0 0 0 0|0 0 0 0|1|0||1 2 3 4 5 6 7 8 9 10 11 12 13 14 15 16 17 18 19 20 21 22 23 24 25 26 27 28 29 30 31 32 33 34 36 37 38 39 41 42 43 44 45 46 48 49 50 51 52 53 54 55
ply 27|0000000000000000000000000010000000200000000000100000000|12 13 0 0|0 0 0 0|0 0 0 0|2|0||1 2 3 4 5 6 7 8 9 10 11 12 13 14 15 16 17 18 19 20 21 22 23 24 25 26 28 29 30 31 32 33 34 36 37 38 39 40 41 42 43 44 45 46 48 49 50 51 52 53 54 55
ply 15|0000000000000020000000000010000000200000000000100000000|12 12 0 0|0 0 0 0|0 0 0 0|1|0||1 2 3 4 5 6 7 8 9 10 11 12 13 14 16 17 18 19 20 21 22 23 24 25 26 28 29 30 31 32 33 34 36 37 38 39 41 42 43 44 45 46 48 49 50 51 52 53 54 55
ply 17|0000000000000020100000000010000000200000000000100000000|11 12 0 0|0 0 0 0|0 0 0 0|2|0||1 2 3 4 5 6 7 8 9 10 11 12 13 14 16 18 19 20 21 22 23 24 25 26 28 29 30 31 32 33 34 36 37 38 39 40 41 42 43 44 45 46 48 49 50 51 52 53 54 55
ply 3|0020000000000020100000000010000000200000000000100000000|11 11 0 0|0 0 0 0|0 0 0 0|1|0||1 2 4 5 6 7 8 9 11 12 13 14 16 18 19 20 21 22 23 24 25 26 28 29 30 31 32 33 34 36 37 38 39 41 42 43 44 45 46 48 49 50 51 52 53 54 55
ply 5|0020100000000020100000000010000000200000000000100000000|10 11 0 0|0 0 0 0|0 0 0 0|2|0||1 4 6 7 8 9 10 11 12 13 14 16 18 19 20 21 22 23 24 25 26 28 29 30 31 32 33 34 36 37 38 39 40 41 42 43 44 45 46 48 49 50 51 52 53 54 55
ply 1|2020100000000020100000000010000000200000000000100000000|10 10 0 0|0 0 0 0|0 0 0 0|1|0||2 4 6 7 8 9 11 12 13 14 16 18 19 20 21 22 23 24 25 26 28 29 30 31 32 33 34 36 37 38 39 41 42 43 44 45 46 48 49 50 51 52 53 54 55
ply 12|2020100000010020100000000010000000200000000000100000000|9 10 0 0|0 0 0 0|0 0 0 0|2|0||4 6 7 8 9 10 11 13 14 16 18 19 20 21 22 23 24 25 26 28 29 30 31 32 33 34 36 37 38 39 40 41 42 43 44 45 46 48 49 50 51 52 53 54 55
ply 46|2020100000010020100000000010000000200000000002100000000|9 9 0 0|0 0 0 0|0 0 0 0|1|0||2 4 6 7 8 9 11 13 14 16 18 19 20 21 22 23 24 25 26 28 29 30 31 32 33 34 36 37 38 39 41 42 43 44 45 48 49 50 51 52 53 54 55
ply 37|2020100000010020100000000010000000201000000002100000000|8 9 0 0|0 0 0 0|0 0 0 0|2|0||4 6 7 8 9 10 11 13 14 16 18 19 20 21 22 23 24 25 26 28 29 30 31 32 33 34 36 38 40 41 42 43 44 45 48 49 50 51 53 54 55
ply 51|2020100000010020100000000010000000201000000002100020000|8 8 0 0|0 0 0 0|0 0 0 0|1|0||2 4 6 7 8 9 11 13 14 16 18 19 20 21 22 23 24 25 26 28 29 30 31 32 33 34 36 38 39 41 42 43 44 45 48 49 50 52 53 54 55
ply 29|2020100000010020100000000010100000201000000002100020000|7 8 0 0|0 0 0 0|0 0 0 0|2|0||4 6 7 8 9 10 11 13 14 16 18 19 20 21 22 23 24 25 26 28 30 31 32 33 34 36 38 40 41 42 43 44 45 48 49 50 53 54 55
ply 33|2020100000010020100000000010100020201000000002100020000|7 7 0 0|0 0 0 0|0 0 0 0|1|0||2 4 6 7 8 9 11 13 14 16 18 19 20 21 22 23 24 25 26 28 30 31 32 34 36 38 39 41 42 43 44 45 48 49 50 52 53 54 55
ply 54|2020100000010020100000000010100020201000000002100020010|6 7 0 0|0 0 0 0|0 0 0 0|2|0||4 6 7 8 9 10 11 13 14 16 18 19 20 21 22 23 24 25 26 28 30 31 32 34 36 38 40 41 42 43 44 45 48 49 50 53 55
ply 40|2020100000010020100000000010100020201002000002100020010|6 6 0 0|0 0 0 0|0 0 0 0|1|0||2 4 6 7 8 9 11 13 14 16 18 19 20 21 22 23 24 25 26 28 30 31 32 34 36 38 39 41 42 43 44 45 48 49 50 52
ply 32|2020100000010020100000000010100120201002000002100020010|5 6 0 0|0 0 0 0|0 0 0 0|2|0||4 6 7 8 9 10 11 13 14 16 18 19 20 21 22 23 24 25 26 28 30 31 34 36 38 41 42 43 44 45 48 49 50 53 55
ply 28|2020100000010020100000000012100120201002000002100020010|5 5 0 0|0 0 0 0|0 0 0 0|1|0||2 4 6 7 8 9 11 13 14 16 18 19 20 21 22 23 24 25 26 30 31 34 36 38 39 41 42 43 44 45 48 49 50 52
ply 30|2020100000010020100000000012110120201002000002100020010|4 5 0 0|0 0 0 0|0 0 0 0|2|0||4 6 7 8 9 10 11 13 14 16 18 19 20 21 22 23 24 25 26 31 34 36 38 41 42 43 44 45 48 49 50 53 55
ply 50|2020100000010020100000000012110120201002000002100220010|4 4 0 0|0 0 0 0|0 0 0 0|1|0||2 4 6 7 8 9 11 13 14 16 18 19 20 21 22 23 24 25 26 31 34 36 38 39 41 42 43 44 45 48 49 52
ply 14|2020100000010120100000000012110120201002000002100220010|3 4 0 0|0 0 0 0|0 0 0 0|2|0||4 6 7 8 9 10 11 13 16 18 19 20 21 22 23 24 25 26 31 34 36 38 41 42 43 44 45 48 49 53 55
ply 44|2020100000010120100000000012110120201002000202100220010|3 3 0 0|0 0 0 0|0 0 0 0|1|0||2 4 6 7 8 9 11 13 16 18 19 20 21 22 23 24 25 26 31 34 36 38 39 41 42 43 45 48 49 52
ply 36|2020100000010120100000000012110120211002000202100220010|2 3 0 0|0 0 0 0|0 0 0 0|2|0||4 6 7 8 9 10 11 13 16 18 19 20 21 22 23 24 25 26 31 34 38 41 42 43 45 48 49 53 55
ply 4|2022100000010120100000000012110120211002000202100220010|2 2 0 0|0 0 0 0|0 0 0 0|1|0||2 6 7 8 9 11 13 16 18 19 20 21 22 23 24 25 26 31 34 38 39 41 42 43 45 48 49 52 72
ply 26|2022100000010120100000000112110120211002000202100220010|1 2 0 0|0 0 0 0|0 0 0 0|2|0||6 7 8 9 11 13 16 18 19 20 21 22 23 24 25 31 34 38 41 42 43 45 48 49 53 55
ply 6|2022120000010120100000000112110120211002000202100220010|1 1 0 0|0 0 0 0|0 0 0 0|1|0||2 7 8 9 11 13 16 18 19 20 21 22 23 24 25 31 34 38 39 41 42 43 45 48 49 52 72 185
ply 48|2022120000010120100000000112110120211002000202110220010|0 1 0 0|0 0 0 0|0 0 0 0|2|0||7 8 9 11 13 16 18 19 20 21 22 23 24 25 31 34 38 41 42 43 45 49 53 55
ply 13|2022120000012120100000000112110120211002000202110220010|0 0 0 0|0 0 0 0|0 0 0 0|1|0||72 185
ply 72|2022020000002120100000000000110000001002000202110220010|6 0 0 0|3 0 0 0|0 3 0 0|2|0||65
ply 65|2002020000000000100000000000110000001002000202110220010|6 3 0 0|3 1 0 0|1 3 0 0|1|0||2 3 5 7 8 9 11 12 13 14 15 16 18 19 20 21 22 23 24 25 26 27 28 31 32 33 34 35 36 38 39 41 42 43 45 49 52
ply 26|2002020000000000100000000100110000001002000202110220010|5 3 0 0|3 1 0 0|1 3 0 0|2|0||3 5 7 8 9 11 12 13 14 15 16 18 19 20 21 22 23 24 25 27 28 31 33 34 35 36 38 41 42 43 45 49 53 55
ply 23|2002020000000000100000200100110000001002000202110220010|5 2 0 0|3 1 0 0|1 3 0 0|1|0||2 3 5 7 8 9 11 12 13 14 15 16 18 19 20 21 22 24 25 27 28 31 32 33 34 35 36 38 39 41 42 43 45 49 52 185
ply 185|2002020000000000100000200000000000000002000002110020000|10 2 0 0|5 1 0 0|1 5 0 0|2|0||3 5 7 8 9 11 12 13 14 15 16 18 19 20 21 22 24 25 26 27 28 29 30 31 33 34 35 36 37 38 41 42 43 44 45 49 50 53 54 55
ply 24|2002020000000000100000220000000000000002000002110020000|10 1 0 0|5 1 0 0|1 5 0 0|1|0||2 3 5 7 8 9 11 12 13 14 15 16 18 19 20 21 22 25 26 27 28 29 30 31 32 33 34 35 36 37 38 39 41 42 43 44 45 49 50 52 53 54 55
ply 2|2102020000000000100000220000000000000002000002110020000|9 1 0 0|5 1 0 0|1 5 0 0|2|0||3 5 7 8 9 11 12 13 14 15 18 19 20 21 22 25 26 27 28 29 30 31 33 34 35 36 37 38 41 42 43 44 45 49 50 53 54 55
ply 9|2102020020000000100000220000000000000002000002110020000|9 0 0 0|5 1 0 0|1 5 0 0|0|1||
game 2
ply 0|0000000000000000000000000000000000000000000000000000000|14 14 0 0|0 0 0 0|0 0 0 0|1|0||1 2 3 4 5 6 7 8 9 10 11 12 13 14 15 16 17 18 19 20 21 22 23 24 25 26 27 28 29 30 31 32 33 34 35 36 37 38 39 40 41 42 43 44 45 46 47 48 49 50 51 52 53 54 55
ply 1|1000000000000000000000000000000000000000000000000000000|13 14 0 0|0 0 0 0|0 0 0 0|2|0||2 3 4 5 6 7 8 9 10 11 12 13 14 15 16 17 18 19 20 21 22 23 24 25 26 27 28 29 30 31 32 33 34 35 36 37 38 39 40 41 42 43 44 45 46 47 48 49 50 51 52 53 54 55
ply 38|1000000000000000000000000000000000000200000000000000000|13 13 0 0|0 0 0 0|0 0 0 0|1|0||3 4 5 6 7 8 9 10 11 12 13 14 15 16 17 18 19 20 21 22 23 24 25 26 27 28 29 30 31 32 33 34 35 36 37 39 40 41 42 43 44 45 46 47 48 49 50 51 52 53 54 55
ply 30|1000000000000000000000000000010000000200000000000000000|12 13 0 0|0 0 0 0|0 0 0 0|2|0||2 3 4 5 6 7 8 9 10 11 12 13 14 15 16 17 18 19 20 21 22 23 24 25 26 27 28 29 31 32 33 34 35 36 37 39 40 41 42 43 44 45 46 47 48 49 50 51 52 53 54 55
ply 36|1000000000000000000000000000010000020200000000000000000|12 12 0 0|0 0 0 0|0 0 0 0|1|0||3 4 5 6 7 8 9 10 11 12 13 14 15 16 17 18 19 20 21 22 23 24 25 26 27 28 29 31 32 33 34 35 37 39 40 41 42 43 44 45 46 47 48 49 50 51 52 53 54 55
ply 15|1000000000000010000000000000010000020200000000000000000|11 12 0 0|0 0 0 0|0 0 0 0|2|0||2 3 4 5 6 7 8 9 10 11 12 13 14 16 17 18 19 20 21 22 23 24 25 26 27 28 29 31 32 33 34 35 37 39 40 41 42 43 44 45 46 47 48 49 50 51 52 53 54 55
ply 34|1000000000000010000000000000010002020200000000000000000|11 11 0 0|0 0 0 0|0 0 0 0|1|0||3 4 5 6 7 8 9 10 11 12 13 14 16 17 18 19 20 21 22 23 24 25 26 27 28 29 31 32 33 35 37 39 40 41 42 43 44 45 46 47 48 49 50 51 52 53 54 55
ply 44|1000000000000010000000000000010002020200000100000000000|10 11 0 0|0 0 0 0|0 0 0 0|2|0||2 3 4 5 6 7 8 9 10 11 12 13 14 16 17 18 19 20 21 22 23 24 25 26 27 28 29 31 32 33 35 37 39 40 41 42 43 45 46 47 48 49 50 51 52 53 54 55
ply 21|1000000000000010000020000000010002020200000100000000000|10 10 0 0|0 0 0 0|0 0 0 0|1|0||3 4 5 6 7 8 9 10 11 12 13 14 16 17 18 19 20 22 23 24 25 26 27 28 29 31 32 33 35 37 39 40 41 42 43 45 46 47 48 49 50 51 52 53 54 55
ply 26|1000000000000010000020000100010002020200000100000000000|9 10 0 0|0 0 0 0|0 0 0 0|2|0||2 3 4 5 6 7 8 9 10 11 12 13 14 16 17 18 19 20 22 23 24 25 27 28 29 31 32 33 35 37 39 40 41 42 43 45 46 47 48 49 50 51 52 53 54 55
ply 55|1000000000000010000020000100010002020200000100000000002|9 9 0 0|0 0 0 0|0 0 0 0|1|0||3 4 5 6 7 8 9 10 11 12 13 14 16 17 18 19 20 22 23 24 25 27 28 29 31 32 33 35 37 39 40 41 42 43 45 46 47 48 49 50 51 52 53 54
ply 46|1000000000000010000020000100010002020200000101000000002|8 9 0 0|0 0 0 0|0 0 0 0|2|0||2 3 4 5 6 7 8 9 10 11 12 13 14 16 17 18 19 20 22 23 24 25 27 28 29 31 32 33 35 37 39 40 41 42 43 45 47 48 49 50 51 52 53
ply 53|1000000000000010000020000100010002020200000101000000202|8 8 0 0|0 0 0 0|0 0 0 0|1|0||3 4 5 6 7 8 9 10 11 12 13 14 16 17 18 19 20 22 23 24 25 27 28 29 31 32 33 35 37 40 41 42 43 45 47 48 49 50 51 54 130
ply 51|1000000000000010000020000100010002020200000101000010202|7 8 0 0|0 0 0 0|0 0 0 0|2|0||2 3 4 5 6 7 8 9 10 11 12 13 14 16 17 18 19 20 22 23 24 25 27 28 29 31 32 33 35 37 39 40 41 42 43 45 47 48 49 50 52
ply 32|1000000000000010000020000100010202020200000101000010202|7 7 0 0|0 0 0 0|0 0 0 0|1|0||3 4 5 6 7 8 9 10 11 12 13 14 16 17 18 19 20 22 23 24 25 27 28 29 31 33 35 37 40 41 42 43 45 47 48 49 50 54 130
ply 37|1000000000000010000020000100010202021200000101000010202|6 7 0 0|0 0 0 0|0 0 0 0|2|0||2 3 4 5 6 7 8 9 10 11 12 13 14 16 17 18 19 20 22 23 24 25 27 28 29 31 33 35 39 41 42 43 45 47 48 49 50 52
ply 17|1000000000000010200020000100010202021200000101000010202|6 6 0 0|0 0 0 0|0 0 0 0|1|0||3 4 5 6 7 8 9 10 11 12 13 14 16 18 19 20 22 23 24 25 27 28 29 31 33 35 40 41 42 43 45 47 48 49 50 54 130
ply 130|1000000000000010200020000100000202020000000000000010202|10 6 0 0|1 0 0 0|0 1 0 0|2|0||2 3 4 5 6 7 8 9 11 12 13 14 16 18 19 20 22 23 24 25 27 28 29 30 31 33 35 37 38 39 41 42 43 44 45 46 47 48 49 50 52
ply 30|1000000000000010200020000100020202020000000000000010202|10 5 0 0|1 0 0 0|0 1 0 0|1|0||3 4 5 6 7 8 9 10 11 12 13 14 16 18 19 20 22 23 24 25 27 28 29 31 33 35 37 38 39 40 41 42 43 44 45 46 47 48 49 50 52 54
ply 41|1000000000000010200020000100020202020000100000000010202|9 5 0 0|1 0 0 0|0 1 0 0|2|0||2 3 4 5 6 7 8 9 11 12 13 14 16 18 19 20 22 23 24 25 27 28 29 31 33 35 37 38 39 42 43 44 45 46 47 48 49 50 52
ply 45|1000000000000010200020000100020202020000100020000010202|9 4 0 0|1 0 0 0|0 1 0 0|1|0||3 4 5 6 7 8 9 10 11 12 13 14 16 18 19 20 22 23 24 25 27 28 29 31 33 35 37 38 39 40 42 43 44 46 47 48 49 50 52 54
ply 28|1000000000000010200020000101020202020000100020000010202|8 4 0 0|1 0 0 0|0 1 0 0|2|0||2 3 4 5 6 7 8 9 11 12 13 14 16 18 19 20 22 23 24 25 27 29 31 33 35 37 38 39 42 43 44 46 47 48 49 50 52
ply 18|1000000000000010220020000101020202020000100020000010202|8 3 0 0|1 0 0 0|0 1 0 0|1|0||3 4 5 6 7 8 9 10 11 12 13 14 16 19 20 22 23 24 25 27 29 31 33 35 37 38 39 40 42 43 44 46 47 48 49 50 52 54
ply 14|1000000000000110220020000101020202020000100020000010202|7 3 0 0|1 0 0 0|0 1 0 0|2|0||2 3 4 5 6 7 8 9 11 12 13 16 19 20 22 23 24 25 27 29 31 33 35 37 38 39 42 43 44 46 47 48 49 50 52 100
ply 100|1000000000000110200020000001020000020000100020000010202|7 6 0 0|1 1 0 0|1 1 0 0|1|0||3 4 5 6 7 8 9 10 11 12 13 16 18 19 20 22 23 24 25 26 27 29 31 32 33 34 35 37 38 39 40 42 43 44 46 47 48 49 50 52 54
ply 39|1000000000000110200020000001020000020010100020000010202|6 6 0 0|1 1 0 0|1 1 0 0|2|0||2 3 4 5 6 7 8 9 11 12 13 16 18 19 20 22 23 24 25 26 27 29 31 32 33 34 35 37 38 40 42 43 44 46 47 48 49 50 52
ply 47|1000000000000110200020000001020000020010100020200010202|6 5 0 0|1 1 0 0|1 1 0 0|1|0||3 4 5 6 7 8 9 10 11 12 13 16 18 19 20 22 23 24 25 26 27 29 31 32 33 34 35 37 38 40 42 43 44 48 49 50 52 54
ply 5|1000100000000110200020000001020000020010100020200010202|5 5 0 0|1 1 0 0|1 1 0 0|2|0||2 3 4 6 7 8 9 11 12 13 16 18 19 20 22 23 24 25 26 27 29 31 32 33 34 35 37 38 42 43 44 46 48 49 50 52
ply 49|1000100000000110200020000001020000020010100020202010202|5 4 0 0|1 1 0 0|1 1 0 0|1|0||3 4 6 7 8 9 10 11 12 13 16 18 19 20 22 23 24 25 26 27 29 31 32 33 34 35 37 38 40 42 43 44 48 50 52 54
ply 27|1000100000000110200020000011020000020010100020202010202|4 4 0 0|1 1 0 0|1 1 0 0|2|0||2 3 4 6 7 8 9 11 12 13 16 18 19 20 22 23 24 25 26 29 31 32 33 34 35 37 38 42 43 44 46 48 50 52
ply 19|1000100000000110202020000011020000020010100020202010202|4 3 0 0|1 1 0 0|1 1 0 0|1|0||3 4 6 7 8 9 10 11 12 13 16 18 20 22 23 24 25 26 29 31 32 33 34 35 37 38 40 42 43 44 48 50 52 54
ply 34|1000100000000110202020000011020001020010100020202010202|3 3 0 0|1 1 0 0|1 1 0 0|2|0||2 3 4 6 7 8 9 11 12 13 16 18 20 22 23 24 25 26 29 31 32 33 35 37 38 42 43 44 46 48 50 52
ply 29|1000100000000110202020000011220001020010100020202010202|3 2 0 0|1 1 0 0|1 1 0 0|1|0||3 4 6 7 8 9 10 11 12 13 16 18 20 22 23 24 25 26 31 32 33 35 37 38 40 42 43 44 48 50 52 54
ply 12|1000100000010110202020000011220001020010100020202010202|2 2 0 0|1 1 0 0|1 1 0 0|2|0||2 3 4 6 7 8 9 11 13 16 18 20 22 23 24 25 26 31 32 33 35 37 38 42 43 44 46 48 50 52
ply 16|1000100000010112202020000011220001020010100020202010202|2 1 0 0|1 1 0 0|1 1 0 0|1|0||3 4 6 7 8 9 10 11 13 18 20 22 23 24 25 26 31 32 33 35 37 38 40 42 43 44 48 50 52 54 124
ply 26|1000100000010112202020000111220001020010100020202010202|1 1 0 0|1 1 0 0|1 1 0 0|2|0||2 3 4 6 7 8 11 13 18 20 22 23 25 31 32 33 35 37 38 42 43 44 46 48 50 52
ply 18|1000100000010112222020000111220001020010100020202010202|1 0 0 0|1 1 0 0|1 1 0 0|0|1||
game 3
ply 0|0000000000000000000000000000000000000000000000000000000|14 14 14 0|0 0 0 0|0 0 0 0|1|0||1 2 3 4 5 6 7 8 9 10 11 12 13 14 15 16 17 18 19 20 21 22 23 24 25 26 27 28 29 30 31 32 33 34 35 36 37 38 39 40 41 42 43 44 45 46 47 48 49 50 51 52 53 54 55
ply 42|0000000000000000000000000000000000000000010000000000000|13 14 14 0|0 0 0 0|0 0 0 0|2|0||1 2 3 4 5 6 7 8 9 10 11 12 13 14 15 16 17 18 19 20 21 22 23 24 25 26 27 28 29 30 31 32 33 34 35 36 37 38 39 40 41 43 44 45 46 47 48 49 50 51 52 53 54 55
ply 22|0000000000000000000002000000000000000000010000000000000|13 13 14 0|0 0 0 0|0 0 0 0|3|0||1 2 3 4 5 6 7 8 9 10 11 12 13 14 15 16 17 18 19 20 21 23 24 25 26 27 28 29 30 31 32 33 34 35 36 37 38 39 40 41 43 44 45 46 47 48 49 50 51 52 53 54 55
ply 18|0000000000000000030002000000000000000000010000000000000|13 13 13 0|0 0 0 0|0 0 0 0|1|0||1 2 3 4 5 6 7 8 9 10 11 12 13 14 15 16 17 19 20 21 23 24 25 26 27 28 29 30 31 32 33 34 35 36 37 38 39 40 41 43 44 45 46 47 48 49 50 51 52 53 54 55
ply 50|0000000000000000030002000000000000000000010000000100000|12 13 13 0|0 0 0 0|0 0 0 0|2|0||1 2 3 4 5 6 7 8 9 10 11 12 13 14 15 16 17 19 20 21 23 24 25 26 27 28 29 30 31 32 33 34 35 36 37 38 39 40 41 43 44 45 46 47 48 49 51 52 53 54 55
ply 14|0000000000000200030002000000000000000000010000000100000|12 12 13 0|0 0 0 0|0 0 0 0|3|0||1 2 3 4 5 6 7 8 9 10 11 12 13 15 16 17 19 20 21 23 24 25 26 27 28 29 30 31 32 33 34 35 36 37 38 39 40 41 43 44 45 46 47 48 49 51 52 53 54 55
ply 12|0000000000030200030002000000000000000000010000000100000|12 12 12 0|0 0 0 0|0 0 0 0|1|0||1 2 3 4 5 6 7 8 9 10 11 13 15 16 17 19 20 21 23 24 25 26 27 28 29 30 31 32 33 34 35 36 37 38 39 40 41 43 44 45 46 47 48 49 51 52 53 54 55
ply 39|0000000000030200030002000000000000000010010000000100000|11 12 12 0|0 0 0 0|0 0 0 0|2|0||1 2 3 4 5 6 7 8 9 10 11 13 15 16 17 19 20 21 23 24 25 26 27 28 29 30 31 32 33 34 35 36 37 38 40 41 43 44 45 46 47 48 49 51 52 53 54 55
ply 34|0000000000030200030002000000000002000010010000000100000|11 11 12 0|0 0 0 0|0 0 0 0|3|0||1 2 3 4 5 6 7 8 9 10 11 13 15 16 17 19 20 21 23 24 25 26 27 28 29 30 31 32 33 35 36 37 38 40 41 43 44 45 46 47 48 49 51 52 53 54 55
ply 3|0030000000030200030002000000000002000010010000000100000|11 11 11 0|0 0 0 0|0 0 0 0|1|0||1 2 4 5 6 7 8 9 10 11 13 15 16 17 19 20 21 23 24 25 26 27 28 29 30 31 32 33 35 36 37 38 40 41 43 44 45 47 48 49 51 52 53 54 55
ply 5|0030100000030200030002000000000002000010010000000100000|10 11 11 0|0 0 0 0|0 0 0 0|2|0||1 2 4 6 7 8 9 10 11 13 15 16 17 19 20 21 23 24 25 26 27 28 29 30 31 32 33 35 36 37 38 40 41 43 44 45 46 47 48 49 51 52 53 54 55
ply 23|0030100000030200030002200000000002000010010000000100000|10 10 11 0|0 0 0 0|0 0 0 0|3|0||1 4 6 7 8 9 10 11 13 15 16 17 19 20 21 24 25 26 27 28 29 30 31 32 33 35 36 37 38 40 41 43 44 45 46 47 48 49 51 52 53 54 55
ply 47|0030100000030200030002200000000002000010010000300100000|10 10 10 0|0 0 0 0|0 0 0 0|1|0||1 2 4 6 7 8 9 10 11 13 15 16 17 19 20 21 24 25 26 27 28 29 30 31 32 33 35 36 37 38 40 41 43 44 45 48 49 51 52 53 54 55
ply 24|0030100000030200030002210000000002000010010000300100000|9 10 10 0|0 0 0 0|0 0 0 0|2|0||1 2 4 6 7 8 9 10 11 13 15 16 17 19 20 21 25 26 27 28 29 30 31 32 33 35 36 37 38 40 41 43 44 45 46 48 49 51 52 53 54 55
ply 45|0030100000030200030002210000000002000010010020300100000|9 9 10 0|0 0 0 0|0 0 0 0|3|0||1 4 6 7 8 9 10 11 13 15 16 17 19 20 21 25 26 27 28 29 30 31 32 33 35 36 37 38 41 43 44 46 48 49 51 52 53 54 55
ply 19|0030100000030200033002210000000002000010010020300100000|9 9 9 0|0 0 0 0|0 0 0 0|1|0||1 2 4 6 7 8 9 10 11 13 15 17 20 21 25 26 27 28 29 30 31 32 33 35 36 37 38 40 41 43 44 48 49 51 52 53 54 55
ply 13|0030100000031200033002210000000002000010010020300100000|8 9 9 0|0 0 0 0|0 0 0 0|2|0||1 2 4 6 7 8 9 10 11 15 16 17 20 21 25 26 27 28 29 30 31 32 33 35 36 37 38 40 41 43 44 46 48 49 51 52 53 54 55
ply 44|0030100000031200033002210000000002000010010220300100000|8 8 9 0|0 0 0 0|0 0 0 0|3|0||1 4 6 7 8 9 10 11 15 16 17 20 21 25 26 27 28 29 30 31 32 33 35 36 37 38 41 43 46 48 49 51 52 53 54 55
ply 51|0030100000031200033002210000000002000010010220300130000|8 8 8 0|0 0 0 0|0 0 0 0|1|0||1 2 4 6 7 8 9 10 11 15 17 20 21 25 26 27 28 29 30 31 32 33 35 36 37 38 40 41 43 48 49 52 53 54 55
ply 4|0031100000031200033002210000000002000010010220300130000|7 8 8 0|0 0 0 0|0 0 0 0|2|0||1 2 6 7 8 9 10 11 15 16 17 20 21 25 26 27 28 29 30 31 32 33 35 36 37 38 40 41 43 46 48 49 52 53 54 55
ply 6|0031120000031200033002210000000002000010010220300130000|7 7 8 0|0 0 0 0|0 0 0 0|3|0||1 7 8 9 10 11 15 16 17 20 21 25 26 27 28 29 30 31 32 33 35 36 37 38 41 43 46 48 49 52 53 54 55
ply 37|0031120000031200033002210000000002003010010220300130000|7 7 7 0|0 0 0 0|0 0 0 0|1|0||1 2 7 8 9 11 15 17 20 21 25 26 27 28 29 30 31 32 33 35 36 38 40 41 43 48 49 52 53 54 55
ply 25|0031120000031200033002211000000002003010010220300130000|6 7 7 0|0 0 0 0|0 0 0 0|2|0||1 2 7 8 9 10 11 15 16 17 20 21 26 27 28 29 30 31 32 33 35 36 38 40 41 43 46 48 49 52 53 54 55
ply 32|0031120000031200033002211000000202003010010220300130000|6 6 7 0|0 0 0 0|0 0 0 0|3|0||1 7 8 9 10 11 15 16 17 20 21 26 27 28 29 30 31 33 35 36 38 41 43 46 48 49 52 53 54 55
ply 10|0031120003031200033002211000000202003010010220300130000|6 6 6 0|0 0 0 0|0 0 0 0|1|0||1 2 7 8 9 11 15 17 20 21 26 27 28 29 30 31 33 35 36 38 40 41 43 48 49 52 53 54 55
ply 49|0031120003031200033002211000000202003010010220301130000|5 6 6 0|0 0 0 0|0 0 0 0|2|0||1 2 7 8 9 11 15 16 17 20 21 26 27 28 29 30 31 33 35 36 38 41 43 46 48 52 53 54 55
ply 28|0031120003031200033002211002000202003010010220301130000|5 5 6 0|0 0 0 0|0 0 0 0|3|0||1 7 8 9 11 15 16 20 21 26 27 29 30 31 33 35 36 38 41 43 46 48 52 53 54 55
ply 53|0031120003031200033002211002000202003010010220301130300|5 5 5 0|0 0 0 0|0 0 0 0|1|0||1 2 7 8 9 11 15 17 20 21 26 27 29 30 31 33 35 36 38 40 41 43 48 52 54 55
ply 41|0031120003031200033002211002000202003010110220301130300|4 5 5 0|0 0 0 0|0 0 0 0|2|0||1 2 7 8 9 11 15 16 17 20 21 26 27 29 30 31 33 35 36 38 43 46 48 52 54 55
ply 36|0031120003031200033002211002000202023010110220301130300|4 4 5 0|0 0 0 0|0 0 0 0|3|0||1 7 8 9 11 15 16 20 21 26 27 29 30 31 33 35 38 43 46 48 52 55
ply 15|0031120003031230033002211002000202023010110220301130300|4 4 4 0|0 0 0 0|0 0 0 0|1|0||1 2 7 8 9 11 17 20 21 26 27 29 30 31 33 35 38 40 43 48 52 54 55
ply 40|0031120003031230033002211002000202023011110220301130300|3 4 4 0|0 0 0 0|0 0 0 0|2|0||1 2 7 8 9 11 16 17 20 21 26 27 29 30 31 33 35 38 43 46 48 52 54 55
ply 2|0231120003031230033002211002000202023011110220301130300|3 3 4 0|0 0 0 0|0 0 0 0|3|0||1 7 8 9 11 16 20 21 26 27 29 30 31 33 35 38 43 46 48 52 55
ply 30|0231120003031230033002211002030202023011110220301130300|3 3 3 0|0 0 0 0|0 0 0 0|1|0||1 7 8 9 11 17 20 21 26 27 29 31 33 35 38 43 48 52 54 55
ply 26|0231120003031230033002211102030202023011110220301130300|2 3 3 0|0 0 0 0|0 0 0 0|2|0||7 8 9 11 16 17 20 21 27 29 31 33 35 38 43 46 48 52 54 55
ply 55|0231120003031230033002211102030202023011110220301130302|2 2 3 0|0 0 0 0|0 0 0 0|3|0||1 7 8 9 11 16 20 21 27 29 31 33 35 38 43 46 48 52
ply 9|0231120033031230033002211102030202023011110220301130302|2 2 2 0|0 0 0 0|0 0 0 0|1|0||1 7 8 11 17 20 21 27 29 31 33 35 38 43 48 52 54 116
ply 116|0231120033031230033002211002030200023010000220301130302|6 2 2 0|1 0 0 0|0 1 0 0|2|0||7 8 11 16 17 20 21 26 27 29 31 33 34 35 38 41 42 43 46 48 52
ply 35|0231120033031230033002211002030200223010000220301130302|6 1 2 0|1 0 0 0|0 1 0 0|3|0||1 7 8 11 20 21 26 27 29 31 33 34 38 41 42 43 46 48 52
ply 34|0231120033031230033002211002030203223010000220301130302|6 1 1 0|1 0 0 0|0 1 0 0|1|0||1 7 8 11 17 20 21 26 27 29 31 33 38 40 41 42 43 48 52 54
ply 48|0231120033031230033002211002030203223010000220311130302|5 1 1 0|1 0 0 0|0 1 0 0|2|0||7 8 11 16 17 20 21 26 27 29 31 33 38 41 42 43 46 52
ply 20|0231120033031230033202211002030203223010000220311130302|5 0 1 0|1 0 0 0|0 1 0 0|3|0||1 7 8 11 21 26 27 29 31 33 38 41 42 43 46 52
ply 46|0231120033031230033202211002030203223010000223311130302|5 0 0 0|1 0 0 0|0 1 0 0|1|0||1 7 8 11 17 21 26 27 29 31 33 38 40 41 42 43 52 54
ply 40|0231120033031230033202211002030203223011000223311130302|4 0 0 0|1 0 0 0|0 1 0 0|2|0||159
ply 159|0231120033031230033000011000000203200011000023311130302|4 6 0 0|1 2 0 0|0 1 2 0|1|0|3|1 7 8 11 17 20 21 22 23 26 27 28 29 30 31 33 36 37 38 41 42 43 44 52 54
ply 38|0231120033031230033000011000000203200111000023311130302|3 6 0 0|1 2 0 0|0 1 2 0|2|0||7 8 11 16 17 20 21 22 23 26 27 28 29 30 31 33 36 37 41 42 43 44 52
ply 44|0231120033031230033000011000000203200111000223311130302|3 5 0 0|1 2 0 0|0 1 2 0|1|0|3|1 7 8 11 17 20 21 22 23 26 27 28 29 30 31 33 36 37 41 42 43 52 54
ply 7|0231121033031230033000011000000203200111000223311130302|2 5 0 0|1 2 0 0|0 1 2 0|2|0||8 11 16 17 20 21 22 23 26 27 28 29 30 31 33 36 37 41 42 43 52
ply 23|0231121033031230033000211000000203200111000223311130302|2 4 0 0|1 2 0 0|0 1 2 0|1|0|3|1 8 11 17 20 21 22 26 27 28 29 30 31 33 36 37 41 42 43 52 54
ply 33|0231121033031230033000211000000213200111000223311130302|1 4 0 0|1 2 0 0|0 1 2 0|2|0||8 11 16 17 20 21 22 26 27 28 29 30 31 36 37 41 42 43 52
ply 16|0231121033031232033000211000000213200111000223311130302|1 3 0 0|1 2 0 0|0 1 2 0|1|0|3|1 8 11 17 20 21 22 26 27 28 29 30 31 36 37 41 42 43 52 54
ply 29|0231121033031232033000211000100213200111000223311130302|0 3 0 0|1 2 0 0|0 1 2 0|0|2||
game 4
ply 0|0000000000000000000000000000000000000000000000000000000|14 14 14 14|0 0 0 0|0 0 0 0|1|0||1 2 3 4 5 6 7 8 9 10 11 12 13 14 15 16 17 18 19 20 21 22 23 24 25 26 27 28 29 30 31 32 33 34 35 36 37 38 39 40 41 42 43 44 45 46 47 48 49 50 51 52 53 54 55
ply 35|0000000000000000000000000000000000100000000000000000000|13 14 14 14|0 0 0 0|0 0 0 0|2|0||1 2 3 4 5 6 7 8 9 10 11 12 13 14 15 16 17 18 19 20 21 22 23 24 25 26 27 28 29 30 31 32 33 34 36 37 38 39 40 41 42 43 44 45 46 47 48 49 50 51 52 53 54 55
ply 43|0000000000000000000000000000000000100000002000000000000|13 13 14 14|0 0 0 0|0 0 0 0|3|0||1 2 3 4 5 6 7 8 9 10 11 12 13 14 15 16 17 18 19 20 21 22 23 24 25 26 27 28 29 30 31 32 33 34 36 37 38 39 40 41 42 44 45 46 47 48 49 50 51 52 53 54 55
ply 52|0000000000000000000000000000000000100000002000000003000|13 13 13 14|0 0 0 0|0 0 0 0|4|0||1 2 3 4 5 6 7 8 9 10 11 12 13 14 15 16 17 18 19 20 21 22 23 24 25 26 27 28 29 30 31 32 33 34 36 37 38 39 40 41 42 44 45 46 47 48 49 50 51 53 54 55
ply 22|0000000000000000000004000000000000100000002000000003000|13 13 13 13|0 0 0 0|0 0 0 0|1|0||1 2 3 4 5 6 7 8 9 10 11 12 13 14 15 16 17 18 19 20 21 23 24 25 26 27 28 29 30 31 32 33 34 36 37 38 39 40 41 42 44 45 46 47 48 49 50 51 53 54 55
ply 24|0000000000000000000004010000000000100000002000000003000|12 13 13 13|0 0 0 0|0 0 0 0|2|0||1 2 3 4 5 6 7 8 9 10 11 12 13 14 15 16 17 18 19 20 21 23 25 26 27 28 29 30 31 32 33 34 36 37 38 39 40 41 42 44 45 46 47 48 49 50 51 53 54 55
ply 26|0000000000000000000004010200000000100000002000000003000|12 12 13 13|0 0 0 0|0 0 0 0|3|0||1 2 3 4 5 6 7 8 9 10 11 12 13 14 15 16 17 18 19 20 21 23 25 27 28 29 30 31 32 33 34 36 37 38 39 40 41 42 44 45 47 48 49 50 51 53 54 55
ply 53|0000000000000000000004010200000000100000002000000003300|12 12 12 13|0 0 0 0|0 0 0 0|4|0||1 2 3 4 5 6 7 8 9 10 11 12 13 14 15 16 17 18 19 20 21 23 25 27 28 29 30 31 32 33 34 36 37 38 39 40 41 42 44 45 46 47 48 49 50 51 54 55
ply 10|0000000004000000000004010200000000100000002000000003300|12 12 12 12|0 0 0 0|0 0 0 0|1|0||1 2 3 4 5 6 7 8 9 11 12 13 14 15 17 18 19 20 21 23 25 27 28 29 30 31 32 33 34 36 37 38 39 40 41 42 44 45 46 47 48 49 50 51 54 55
ply 28|0000000004000000000004010201000000100000002000000003300|11 12 12 12|0 0 0 0|0 0 0 0|2|0||1 2 3 4 5 6 7 8 9 11 12 13 14 15 16 17 18 19 20 21 23 25 27 29 30 31 32 33 34 36 37 38 39 40 41 42 44 45 46 47 48 49 50 51 54 55
ply 3|0020000004000000000004010201000000100000002000000003300|11 11 12 12|0 0 0 0|0 0 0 0|3|0||1 2 4 5 6 7 8 9 11 12 13 14 15 16 17 18 19 20 21 23 25 27 29 30 31 32 33 34 36 37 38 39 40 41 42 44 45 47 48 49 50 51 55
ply 21|0020000004000000000034010201000000100000002000000003300|11 11 11 12|0 0 0 0|0 0 0 0|4|0||1 2 5 6 7 8 9 11 12 13 14 15 16 18 19 20 23 25 27 29 30 31 32 33 34 36 37 38 39 40 41 42 44 45 46 47 48 49 50 51 54 55
ply 51|0020000004000000000034010201000000100000002000000043300|11 11 11 11|0 0 0 0|0 0 0 0|1|0||1 2 4 5 6 7 8 9 11 12 13 14 15 17 18 19 20 23 25 27 29 30 31 32 33 34 36 37 38 39 40 41 42 44 45 46 47 48 49 50 54 55
ply 36|0020000004000000000034010201000000110000002000000043300|10 11 11 11|0 0 0 0|0 0 0 0|2|0||1 4 5 6 7 8 9 11 12 13 14 15 16 17 18 19 20 23 25 27 29 30 31 32 33 34 37 38 39 40 41 42 44 45 46 47 48 49 50 54 55
ply 18|0020000004000000020034010201000000110000002000000043300|10 10 11 11|0 0 0 0|0 0 0 0|3|0||1 2 4 5 6 7 8 9 11 12 13 14 15 16 17 19 20 23 25 27 29 30 31 32 33 34 37 38 39 40 41 42 44 45 47 48 49 50 55
ply 55|0020000004000000020034010201000000110000002000000043303|10 10 10 11|0 0 0 0|0 0 0 0|4|0||1 2 5 6 7 8 9 11 12 13 14 15 16 19 20 23 25 27 29 30 31 32 33 34 37 38 39 40 41 42 44 45 46 47 48 49 50 54
ply 33|0020000004000000020034010201000040110000002000000043303|10 10 10 10|0 0 0 0|0 0 0 0|1|0||1 2 4 5 6 7 8 9 11 12 13 14 15 17 19 20 23 25 27 29 30 31 32 34 37 38 39 40 41 42 44 45 46 47 48 49 50 54
ply 50|0020000004000000020034010201000040110000002000000143303|9 10 10 10|0 0 0 0|0 0 0 0|2|0||1 4 5 6 7 8 9 11 12 13 14 15 16 17 19 20 23 25 27 29 30 31 32 34 37 38 39 40 41 42 44 45 46 47 48 49 54
ply 1|2020000004000000020034010201000040110000002000000143303|9 9 10 10|0 0 0 0|0 0 0 0|3|0||2 4 5 6 7 8 9 11 12 13 14 15 16 17 19 20 23 25 27 29 30 31 32 34 37 38 39 40 41 42 44 45 47 48 49
ply 23|2020000004000000020034310201000040110000002000000143303|9 9 9 10|0 0 0 0|0 0 0 0|4|0||2 5 6 7 8 9 11 12 13 14 15 16 19 20 25 27 29 30 31 32 34 37 38 39 40 41 42 44 45 46 47 48 49 54
ply 45|2020000004000000020034310201000040110000002040000143303|9 9 9 9|0 0 0 0|0 0 0 0|1|0||2 4 5 6 7 8 9 11 12 13 14 15 17 19 20 25 27 29 30 31 32 34 37 38 39 40 41 42 44 46 47 48 49 54
ply 40|2020000004000000020034310201000040110001002040000143303|8 9 9 9|0 0 0 0|0 0 0 0|2|0||4 5 6 7 8 9 11 12 13 14 15 16 17 19 20 25 27 29 30 31 32 34 37 38 39 41 42 44 46 47 48 49 54
ply 19|2020000004000000022034310201000040110001002040000143303|8 8 9 9|0 0 0 0|0 0 0 0|3|0||2 4 5 6 7 8 9 11 12 13 14 15 16 17 20 25 27 29 30 31 32 34 37 38 39 41 42 44 47 48 49
ply 25|2020000004000000022034313201000040110001002040000143303|8 8 8 9|0 0 0 0|0 0 0 0|4|0||2 5 6 7 8 9 11 12 13 14 15 16 20 27 29 30 31 32 34 37 38 39 41 42 44 46 47 48 49 54
ply 20|2020000004000000022434313201000040110001002040000143303|8 8 8 8|0 0 0 0|0 0 0 0|1|0||2 4 5 6 7 8 9 11 12 13 14 15 17 27 29 30 31 34 37 38 39 41 42 44 46 48 49 54
ply 29|2020000004000000022434313201100040110001002040000143303|7 8 8 8|0 0 0 0|0 0 0 0|2|0||4 5 6 7 8 9 11 12 13 14 15 16 17 27 30 31 32 34 37 38 39 41 42 44 46 47 48 49 54
ply 11|2020000004200000022434313201100040110001002040000143303|7 7 8 8|0 0 0 0|0 0 0 0|3|0||2 4 5 6 7 8 9 12 13 14 15 16 17 27 30 31 32 34 37 38 39 41 42 44 47 48 49
ply 41|2020000004200000022434313201100040110001302040000143303|7 7 7 8|0 0 0 0|0 0 0 0|4|0||2 5 6 7 8 9 12 13 14 15 16 27 30 31 32 34 37 38 39 42 44 46 47 48 49 54
ply 6|2020040004200000022434313201100040110001302040000143303|7 7 7 7|0 0 0 0|0 0 0 0|1|0||2 4 5 7 8 9 12 13 14 15 17 27 30 31 34 37 38 39 42 44 46 48 49 54
ply 15|2020040004200010022434313201100040110001302040000143303|6 7 7 7|0 0 0 0|0 0 0 0|2|0||4 5 7 8 9 12 13 14 16 17 27 30 31 32 34 37 38 39 42 44 46 47 48 49 54
ply 14|2020040004200210022434313201100040110001302040000143303|6 6 7 7|0 0 0 0|0 0 0 0|3|0||2 4 5 7 8 9 12 13 16 17 27 30 31 32 34 37 38 39 42 44 47 48 49
ply 38|2020040004200210022434313201100040110301302040000143303|6 6 6 7|0 0 0 0|0 0 0 0|4|0||2 5 7 8 9 12 13 16 27 30 31 32 34 37 39 42 44 46 47 48 49 54
ply 44|2020040004200210022434313201100040110301302440000143303|6 6 6 6|0 0 0 0|0 0 0 0|1|0||2 4 5 7 8 9 12 13 17 27 30 31 34 37 39 42 46 48 49 54
ply 39|2020040004200210022434313201100040110311302440000143303|5 6 6 6|0 0 0 0|0 0 0 0|2|0||4 5 7 8 9 12 13 16 17 27 30 31 32 34 37 42 46 47 48 49 54
ply 49|2020040004200210022434313201100040110311302440002143303|5 5 6 6|0 0 0 0|0 0 0 0|3|0||2 4 5 7 8 9 12 13 16 17 27 30 31 32 34 37 42 47 48
ply 47|2020040004200210022434313201100040110311302440302143303|5 5 5 6|0 0 0 0|0 0 0 0|4|0||2 5 7 8 9 12 13 16 27 30 31 32 34 37 42 46 48 54
ply 8|2020040404200210022434313201100040110311302440302143303|5 5 5 5|0 0 0 0|0 0 0 0|1|0||2 4 5 7 9 12 13 17 27 30 31 34 37 42 48 54 99
ply 4|2021040404200210022434313201100040110311302440302143303|4 5 5 5|0 0 0 0|0 0 0 0|2|0||5 7 9 12 13 16 17 27 30 31 32 34 37 42 46 48 54
ply 54|2021040404200210022434313201100040110311302440302143323|4 4 5 5|0 0 0 0|0 0 0 0|3|0||2 5 7 9 12 13 16 17 27 30 31 32 34 37 42 48
ply 42|2021040404200210022434313201100040110311332440302143323|4 4 4 5|0 0 0 0|0 0 0 0|4|0||2 5 7 9 12 13 16 27 30 31 32 34 37 46 48
ply 32|2021040404200210022434313201100440110311332440302143323|4 4 4 4|0 0 0 0|0 0 0 0|1|0||2 5 7 9 12 13 17 27 30 31 34 37 48 99
ply 99|2021040404200200022430013201000440100001332440302143323|8 4 4 4|3 0 0 0|0 0 2 1|2|0||5 7 9 12 13 15 16 17 22 23 27 29 30 31 34 36 37 38 39 46 48
ply 48|2021040404200200022430013201000440100001332440322143323|8 3 4 4|3 0 0 0|0 0 2 1|3|0||2 5 7 9 12 13 15 16 17 22 23 27 29 30 31 34 36 37 38 39
ply 7|2021043404200200022430013201000440100001332440322143323|8 3 3 4|3 0 0 0|0 0 2 1|4|0||2 5 9 12 13 15 16 22 23 27 29 30 31 34 36 37 38 39 46
ply 38|2021043404200200022430013201000440100401332440322143323|8 3 3 3|3 0 0 0|0 0 2 1|1|0||2 5 9 12 13 15 17 22 23 27 29 30 31 34 36 37 39 46
ply 5|2021143404200200022430013201000440100401332440322143323|7 3 3 3|3 0 0 0|0 0 2 1|2|0||9 12 13 15 16 17 22 23 27 29 30 31 34 36 37 39 46
ply 46|2021143404200200022430013201000440100401332442322143323|7 2 3 3|3 0 0 0|0 0 2 1|3|0||2 9 12 13 15 16 17 22 23 27 29 30 31 34 36 37 39
ply 36|2021143404200200022430013201000440130401332442322143323|7 2 2 3|3 0 0 0|0 0 2 1|4|0||2 9 12 13 15 16 22 23 27 29 30 31 34 37 39
ply 39|2021143404200200022430013201000440130441332442322143323|7 2 2 2|3 0 0 0|0 0 2 1|1|0||2 9 12 13 15 17 22 23 27 29 30 31 34 37
ply 17|2021143404200200122430013201000440130441332442322143323|6 2 2 2|3 0 0 0|0 0 2 1|2|0||9 12 13 15 16 22 23 27 29 30 31 34 37
ply 12|2021143404220200122430013201000440130441332442322143323|6 1 2 2|3 0 0 0|0 0 2 1|3|0||2 9 13 15 16 22 23 27 29 30 31 34 37
ply 23|2021143404220200122430313201000440130441332442322143323|6 1 1 2|3 0 0 0|0 0 2 1|4|0||2 9 13 15 16 22 27 29 30 31 34 37
ply 37|2021143404220200122430313201000440134441332442322143323|6 1 1 1|3 0 0 0|0 0 2 1|1|0||2 9 13 15 22 27 29 30 31 34
ply 15|2021143404220210122430313201000440134441332442322143323|5 1 1 1|3 0 0 0|0 0 2 1|2|0||9 13 16 22 27 29 30 31 34
ply 34|2021143404220210122430313201000442134441332442322143323|5 0 1 1|3 0 0 0|0 0 2 1|3|0||2 9 13 16 22 27 29 30 31
ply 16|2021143404220213122430313201000442134441332442322143323|5 0 0 1|3 0 0 0|0 0 2 1|4|0||2 9 13 22 27 29 30 31 75
ply 75|2021103404200213120000313000000400000441332442322143323|5 0 0 5|3 0 0 8|2 4 4 1|1|0||2 6 9 12 13 19 20 21 22 26 27 28 29 30 31 33 34 35 36 37
ply 34|2021103404200213120000313000000401000441332442322143323|4 0 0 5|3 0 0 8|2 4 4 1|4|0|2 3|2 6 9 12 13 19 20 21 22 26 27 28 29 30 31 33 35 36 37
ply 20|2021103404200213120400313000000401000441332442322143323|4 0 0 4|3 0 0 8|2 4 4 1|1|0||2 6 9 12 13 19 21 22 26 27 28 29 30 31 33 35 36 37
ply 13|2021103404201213120400313000000401000441332442322143323|3 0 0 4|3 0 0 8|2 4 4 1|4|0|2 3|2 6 9 12 19 21 22 26 27 28 29 30 31 33 35 36 37
ply 36|2021103404201213120400313000000401040441332442322143323|3 0 0 3|3 0 0 8|2 4 4 1|1|0||2 6 9 12 19 21 22 26 27 28 29 30 31 33 35 37
ply 31|2021103404201213120400313000001401040441332442322143323|2 0 0 3|3 0 0 8|2 4 4 1|4|0|2 3|2 6 9 12 19 21 22 26 27 28 29 30 33 35 37
ply 9|2021103444201213120400313000001401040441332442322143323|2 0 0 2|3 0 0 8|2 4 4 1|1|0||2 6 12 19 21 22 26 27 28 29 30 33 35 37
ply 35|2021103444201213120400313000001401140441332442322143323|1 0 0 2|3 0 0 8|2 4 4 1|4|0|2 3|2 6 12 19 21 22 26 27 28 29 30 33 37
ply 37|2021103444201213120400313000001401144441332442322143323|1 0 0 1|3 0 0 8|2 4 4 1|1|0||2 6 12 19 21 22 26 27 28 29 30 33
ply 19|2021103444201213121400313000001401144441332442322143323|0 0 0 1|3 0 0 8|2 4 4 1|4|0|2 3|2 6 12 21 22 26 27 28 29 30 33
ply 22|2021103444201213121404313000001401144441332442322143323|0 0 0 0|3 0 0 8|2 4 4 1|0|1||
game 2
ply 0|0000000000000000000000000000000000000000000000000000000|14 14 0 0|0 0 0 0|0 0 0 0|1|0||1 2 3 4 5 6 7 8 9 10 11 12 13 14 15 16 17 18 19 20 21 22 23 24 25 26 27 28 29 30 31 32 33 34 35 36 37 38 39 40 41 42 43 44 45 46 47 48 49 50 51 52 53 54 55
ply 30|0000000000000000000000000000010000000000000000000000000|13 14 0 0|0 0 0 0|0 0 0 0|2|0||1 2 3 4 5 6 7 8 9 10 11 12 13 14 15 16 17 18 19 20 21 22 23 24 25 26 27 28 29 31 32 33 34 35 36 37 38 39 40 41 42 43 44 45 46 47 48 49 50 51 52 53 54 55
ply 37|0000000000000000000000000000010000002000000000000000000|13 13 0 0|0 0 0 0|0 0 0 0|1|0||1 2 3 4 5 6 7 8 9 10 11 12 13 14 15 16 17 18 19 20 21 22 23 24 25 26 27 28 29 31 32 33 34 35 36 38 39 40 41 42 43 44 45 46 47 48 49 50 51 52 53 54 55
ply 24|0000000000000000000000010000010000002000000000000000000|12 13 0 0|0 0 0 0|0 0 0 0|2|0||1 2 3 4 5 6 7 8 9 10 11 12 13 14 15 16 17 18 19 20 21 22 23 25 26 27 28 29 31 32 33 34 35 36 38 39 40 41 42 43 44 45 46 47 48 49 50 51 52 53 54 55
ply 8|0000000200000000000000010000010000002000000000000000000|12 12 0 0|0 0 0 0|0 0 0 0|1|0||1 2 3 4 5 6 7 9 10 11 12 13 14 15 17 18 19 20 21 22 23 25 26 27 28 29 31 32 33 34 35 36 38 39 40 41 42 43 44 45 46 47 48 49 50 51 52 53 54 55
ply 52|0000000200000000000000010000010000002000000000000001000|11 12 0 0|0 0 0 0|0 0 0 0|2|0||1 2 3 4 5 6 7 9 10 11 12 13 14 15 16 17 18 19 20 21 22 23 25 26 27 28 29 31 32 33 34 35 36 38 39 40 41 42 43 44 45 46 47 48 49 50 51 53 54 55
ply 39|0000000200000000000000010000010000002020000000000001000|11 11 0 0|0 0 0 0|0 0 0 0|1|0||1 2 3 4 5 6 7 9 10 11 12 13 14 15 17 18 19 20 21 22 23 25 26 27 28 29 31 32 33 34 35 36 38 40 41 42 43 44 45 47 48 49 50 51 53 54 55
ply 2|0100000200000000000000010000010000002020000000000001000|10 11 0 0|0 0 0 0|0 0 0 0|2|0||1 3 4 5 6 7 9 10 11 12 13 14 15 16 17 18 19 20 21 22 23 25 26 27 28 29 31 32 33 34 35 36 38 40 41 42 43 44 45 47 48 49 50 51 53 54 55
ply 45|0100000200000000000000010000010000002020000020000001000|10 10 0 0|0 0 0 0|0 0 0 0|1|0||4 5 6 7 9 10 11 12 13 14 15 17 18 19 20 21 22 23 25 26 27 28 29 31 32 33 34 35 36 38 40 41 42 43 44 47 48 49 50 51 53 54 55
ply 41|0100000200000000000000010000010000002020100020000001000|9 10 0 0|0 0 0 0|0 0 0 0|2|0||1 3 4 5 6 7 9 10 11 12 13 14 15 16 17 18 19 20 21 22 23 25 26 27 28 29 31 32 33 34 35 36 38 40 42 43 44 47 48 49 50 51 53 54 55
ply 11|0100000200200000000000010000010000002020100020000001000|9 9 0 0|0 0 0 0|0 0 0 0|1|0||4 5 6 7 9 10 12 13 14 15 17 18 19 20 21 22 23 25 26 27 28 29 31 32 33 34 35 36 38 40 42 43 44 47 48 49 50 51 53 54 55
ply 34|0100000200200000000000010000010001002020100020000001000|8 9 0 0|0 0 0 0|0 0 0 0|2|0||1 3 4 5 6 7 9 10 12 13 14 15 16 17 18 19 20 21 22 23 25 26 27 28 29 31 32 33 35 36 38 40 42 43 44 47 48 49 50 51 53 54 55
ply 26|0100000200200000000000010200010001002020100020000001000|8 8 0 0|0 0 0 0|0 0 0 0|1|0||4 5 6 7 9 10 12 13 14 15 17 18 19 20 21 22 23 25 27 28 29 31 32 33 35 36 38 40 42 43 44 47 48 49 50 51 53 54 55
ply 5|0100100200200000000000010200010001002020100020000001000|7 8 0 0|0 0 0 0|0 0 0 0|2|0||1 3 4 6 7 9 10 12 13 14 15 16 17 18 19 20 21 22 23 25 27 28 29 31 32 33 35 36 38 40 42 43 44 47 48 49 50 51 53 54 55
ply 53|0100100200200000000000010200010001002020100020000001200|7 7 0 0|0 0 0 0|0 0 0 0|1|0||4 6 7 9 10 12 13 14 15 17 18 19 20 21 22 23 25 27 28 29 31 32 33 35 36 38 40 42 43 44 47 48 49 50 51 54 55
ply 40|0100100200200000000000010200010001002021100020000001200|6 7 0 0|0 0 0 0|0 0 0 0|2|0||1 3 4 6 7 9 10 12 13 14 15 16 17 18 19 20 21 22 23 25 27 28 29 31 32 33 35 36 38 42 43 44 47 48 49 50 51 55
ply 16|0100100200200002000000010200010001002021100020000001200|6 6 0 0|0 0 0 0|0 0 0 0|1|0||4 6 7 9 10 12 13 14 15 17 18 19 20 21 22 23 25 27 28 29 31 33 35 36 38 42 43 44 48 49 50 51 54 55
ply 4|0101100200200002000000010200010001002021100020000001200|5 6 0 0|0 0 0 0|0 0 0 0|2|0||1 3 6 7 10 12 13 14 15 17 18 19 20 21 22 23 25 27 28 29 31 32 33 35 36 38 42 43 44 47 48 49 50 51 55
ply 7|0101102200200002000000010200010001002021100020000001200|5 5 0 0|0 0 0 0|0 0 0 0|1|0||6 9 12 13 14 15 17 18 19 20 21 22 23 25 27 28 29 31 33 35 36 38 42 43 44 48 49 50 51 54 55
ply 43|0101102200200002000000010200010001002021101020000001200|4 5 0 0|0 0 0 0|0 0 0 0|2|0||1 3 6 10 12 13 14 15 17 18 19 20 21 22 23 25 27 28 29 31 32 33 35 36 38 42 44 47 48 49 50 51 55
ply 12|0101102200220002000000010200010001002021101020000001200|4 4 0 0|0 0 0 0|0 0 0 0|1|0||6 9 13 14 15 17 18 19 20 21 22 23 25 27 28 29 31 33 35 36 38 42 44 48 49 50 51 54 55
ply 28|0101102200220002000000010201010001002021101020000001200|3 4 0 0|0 0 0 0|0 0 0 0|2|0||1 3 6 10 13 14 15 17 18 19 20 21 22 23 25 27 29 31 32 33 35 36 38 42 44 47 48 49 50 51 55
ply 49|0101102200220002000000010201010001002021101020002001200|3 3 0 0|0 0 0 0|0 0 0 0|1|0||6 9 13 14 15 17 18 19 20 21 22 23 25 27 29 31 33 35 36 38 42 44 48 50 51 54 55
ply 54|0101102200220002000000010201010001002021101020002001210|2 3 0 0|0 0 0 0|0 0 0 0|2|0||1 3 6 10 13 14 15 17 18 19 20 21 22 23 25 27 29 31 32 33 35 36 38 42 44 47 48 50 51 55
ply 18|0101102200220002020000010201010001002021101020002001210|2 2 0 0|0 0 0 0|0 0 0 0|1|0||6 13 14 15 19 20 21 22 23 25 27 29 31 33 35 36 38 42 44 48 50 51
ply 13|0101102200221002020000010201010001002021101020002001210|1 2 0 0|0 0 0 0|0 0 0 0|2|0||1 3 6 10 14 15 17 19 20 21 22 23 25 27 29 31 32 33 35 36 38 42 44 47 48 50 51 55
ply 27|0101102200221002020000010221010001002021101020002001210|1 1 0 0|0 0 0 0|0 0 0 0|1|0||6 14 15 19 20 21 22 23 25 29 31 33 35 36 38 42 44 48 50 51
ply 44|0101102200221002020000010221010001002021101120002001210|0 1 0 0|0 0 0 0|0 0 0 0|2|0||1 3 6 10 14 15 17 19 20 21 22 23 25 29 31 32 33 35 36 38 42 47 48 50 51 55
ply 33|0101102200221002020000010221010021002021101120002001210|0 0 0 0|0 0 0 0|0 0 0 0|0|1||
game 2
ply 0|0000000000000000000000000000000000000000000000000000000|14 14 0 0|0 0 0 0|0 0 0 0|1|0||1 2 3 4 5 6 7 8 9 10 11 12 13 14 15 16 17 18 19 20 21 22 23 24 25 26 27 28 29 30 31 32 33 34 35 36 37 38 39 40 41 42 43 44 45 46 47 48 49 50 51 52 53 54 55
ply 4|0001000000000000000000000000000000000000000000000000000|13 14 0 0|0 0 0 0|0 0 0 0|2|0||1 2 3 5 6 7 8 9 10 11 12 13 14 15 16 17 18 19 20 21 22 23 24 25 26 27 28 29 30 31 32 33 34 35 36 37 38 39 40 41 42 43 44 45 46 47 48 49 50 51 52 53 54 55
ply 37|0001000000000000000000000000000000002000000000000000000|13 13 0 0|0 0 0 0|0 0 0 0|1|0||1 2 3 5 6 7 8 9 11 12 13 14 15 16 17 18 19 20 21 22 23 24 25 26 27 28 29 30 31 32 33 34 35 36 38 39 40 41 42 43 44 45 46 47 48 49 50 51 52 53 54 55
ply 20|0001000000000000000100000000000000002000000000000000000|12 13 0 0|0 0 0 0|0 0 0 0|2|0||1 2 3 5 6 7 8 9 10 11 12 13 14 15 16 17 18 19 21 22 23 24 25 26 27 28 29 30 31 32 33 34 35 36 38 39 40 41 42 43 44 45 46 47 48 49 50 51 52 53 54 55
ply 13|0001000000002000000100000000000000002000000000000000000|12 12 0 0|0 0 0 0|0 0 0 0|1|0||1 2 3 5 6 7 8 9 11 12 14 15 16 17 18 19 21 22 23 24 25 26 27 28 29 30 31 32 33 34 35 36 38 39 40 41 42 43 44 45 46 47 48 49 50 51 52 53 54 55
ply 26|0001000000002000000100000100000000002000000000000000000|11 12 0 0|0 0 0 0|0 0 0 0|2|0||1 2 3 5 6 7 8 9 10 11 12 14 15 16 17 18 19 21 22 23 24 25 27 28 29 30 31 32 33 34 35 36 38 39 40 41 42 43 44 45 46 47 48 49 50 51 52 53 54 55
ply 49|0001000000002000000100000100000000002000000000002000000|11 11 0 0|0 0 0 0|0 0 0 0|1|0||1 2 3 5 6 7 8 9 11 12 14 15 16 17 18 19 21 22 23 24 25 27 28 29 30 31 32 33 34 35 36 38 39 40 41 42 43 44 45 46 47 48 50 51 52 53 54 55
ply 54|0001000000002000000100000100000000002000000000002000010|10 11 0 0|0 0 0 0|0 0 0 0|2|0||1 2 3 5 6 7 8 9 10 11 12 14 15 16 17 18 19 21 22 23 24 25 27 28 29 30 31 32 33 34 35 36 38 39 40 41 42 43 44 45 46 47 48 50 51 52 53 55
ply 8|0001000200002000000100000100000000002000000000002000010|10 10 0 0|0 0 0 0|0 0 0 0|1|0||1 2 3 5 6 7 9 11 12 14 15 16 17 18 19 21 22 23 24 25 27 28 29 30 31 32 33 34 35 36 38 39 40 41 42 43 44 45 46 47 48 50 51 52
ply 31|0001000200002000000100000100001000002000000000002000010|9 10 0 0|0 0 0 0|0 0 0 0|2|0||1 2 3 5 6 7 9 10 11 12 14 15 16 17 18 19 21 22 23 24 25 27 28 29 30 32 33 34 35 36 38 39 40 41 42 43 44 45 46 47 48 50 51 52 53 55
ply 43|0001000200002000000100000100001000002000002000002000010|9 9 0 0|0 0 0 0|0 0 0 0|1|0||1 2 3 5 6 7 9 11 12 14 15 16 17 18 19 21 22 23 24 25 27 28 29 30 32 33 34 35 36 38 39 40 41 42 44 45 46 47 48 50 51 52
ply 15|0001000200002010000100000100001000002000002000002000010|8 9 0 0|0 0 0 0|0 0 0 0|2|0||1 2 3 5 6 7 9 10 11 12 14 16 17 18 19 21 22 23 24 25 27 28 29 30 32 33 34 35 36 38 39 40 41 42 44 45 46 47 48 50 51 52 53 55
ply 16|0001000200002012000100000100001000002000002000002000010|8 8 0 0|0 0 0 0|0 0 0 0|1|0||1 2 3 5 6 7 9 11 12 14 17 18 19 21 22 23 24 25 27 28 29 30 32 33 34 35 36 38 39 40 41 42 44 45 46 47 48 50 51 52
ply 14|0001000200002112000100000100001000002000002000002000010|7 8 0 0|0 0 0 0|0 0 0 0|2|0||1 2 3 5 6 7 10 11 12 17 18 19 21 22 23 25 27 28 29 30 32 33 34 35 36 38 39 40 41 42 44 45 46 47 48 50 51 52 53 55 146
ply 12|0001000200022112000100000100001000002000002000002000010|7 7 0 0|0 0 0 0|0 0 0 0|1|0||1 2 3 5 6 7 9 11 17 18 19 21 22 23 24 25 27 28 29 30 32 33 34 35 36 38 39 40 41 42 44 45 46 47 48 50 51 52
ply 17|0001000200022112100100000100001000002000002000002000010|6 7 0 0|0 0 0 0|0 0 0 0|2|0||1 2 3 5 6 7 10 11 18 19 21 22 23 25 27 28 29 30 32 33 34 35 36 38 39 40 41 42 44 45 46 47 48 50 51 52 53 55 146
ply 146|0001000200020000100100000100001000000000002000002000010|6 10 0 0|0 2 0 0|2 0 0 0|1|0||1 2 3 5 6 7 9 11 13 14 15 16 18 19 21 22 23 24 25 27 28 29 30 32 33 34 35 36 37 38 39 40 41 42 44 45 46 47 48 50 51 52
ply 41|0001000200020000100100000100001000000000102000002000010|5 10 0 0|0 2 0 0|2 0 0 0|2|0||1 2 3 5 6 7 9 10 11 13 14 15 16 18 19 21 22 23 24 25 27 28 29 30 32 33 34 35 36 37 38 39 40 42 44 45 46 47 48 50 51 52 53 55
ply 16|0001000200020002100100000100001000000000102000002000010|5 9 0 0|0 2 0 0|2 0 0 0|1|0||1 2 3 5 6 7 9 11 13 14 15 18 19 21 22 23 24 25 27 28 29 30 32 33 34 35 36 37 38 39 40 42 44 45 46 47 48 50 51 52
ply 44|0001000200020002100100000100001000000000102100002000010|4 9 0 0|0 2 0 0|2 0 0 0|2|0||1 2 3 5 6 7 10 11 13 14 15 18 19 21 22 23 25 27 28 29 30 32 33 34 35 36 37 38 39 40 42 45 46 47 48 50 51 52 53 55
ply 34|0001000200020002100100000100001002000000102100002000010|4 8 0 0|0 2 0 0|2 0 0 0|1|0||1 2 3 5 6 7 9 11 13 14 15 18 19 21 22 23 24 25 27 28 29 30 32 33 35 36 37 38 39 40 42 45 46 47 48 50 51 52 105 149
ply 42|0001000200020002100100000100001002000000112100002000010|3 8 0 0|0 2 0 0|2 0 0 0|2|0||1 2 3 5 6 7 10 11 13 14 15 18 19 21 22 23 25 27 28 29 30 32 33 35 36 37 38 39 40 45 46 47 48 50 51 52 53 55
ply 46|0001000200020002100100000100001002000000112102002000010|3 7 0 0|0 2 0 0|2 0 0 0|1|0||1 2 3 5 6 7 9 11 13 14 15 18 19 21 22 23 24 25 27 28 29 30 32 33 35 36 37 38 39 40 45 47 48 50 51 52 105 149 183
ply 25|0001000200020002100100001100001002000000112102002000010|2 7 0 0|0 2 0 0|2 0 0 0|2|0||1 2 3 5 6 7 10 11 13 14 15 18 19 21 22 23 27 28 29 30 32 33 35 36 37 38 40 45 47 48 50 51 53 55
ply 14|0001000200020202100100001100001002000000112102002000010|2 6 0 0|0 2 0 0|2 0 0 0|1|0||1 2 3 5 6 7 9 11 13 15 18 19 21 22 23 24 27 28 29 30 32 33 35 36 37 38 39 40 45 47 48 50 51 52 105 149 183
ply 149|0001000200020202000000000000001000000000012102002000010|7 6 0 0|1 2 0 0|2 1 0 0|2|0||1 2 3 5 6 7 10 11 13 15 17 18 19 20 21 22 23 25 26 27 28 29 30 32 33 34 35 36 37 38 40 41 45 47 48 50 51 53 55
ply 41|0001000200020202000000000000001000000000212102002000010|7 5 0 0|1 2 0 0|2 1 0 0|1|0||1 2 3 5 6 7 9 11 13 15 17 18 19 20 21 22 23 24 25 26 27 28 29 30 32 33 34 35 36 37 38 39 40 45 47 48 50 51 52 183
ply 36|0001000200020202000000000000001000010000212102002000010|6 5 0 0|1 2 0 0|2 1 0 0|2|0||1 2 3 5 6 7 10 11 13 15 17 18 19 20 21 22 23 25 26 27 28 29 30 32 33 34 35 37 38 40 45 47 48 50 51 53 55
ply 53|0001000200020202000000000000001000010000212102002000210|6 4 0 0|1 2 0 0|2 1 0 0|1|0||1 2 3 5 6 7 9 11 13 15 17 18 19 20 21 22 23 24 25 26 27 28 29 30 32 33 34 35 37 38 39 40 45 47 48 50 51 52 183
ply 183|0001000200020202000000000000001000010000200002000000200|9 4 0 0|3 2 0 0|2 3 0 0|2|0||1 2 3 5 6 7 10 11 13 15 17 18 19 20 21 22 23 25 26 27 28 29 30 32 33 34 35 37 38 40 42 43 44 45 47 48 49 50 51 55
ply 5|0001200200020202000000000000001000010000200002000000200|9 3 0 0|3 2 0 0|2 3 0 0|1|0||1 2 3 6 7 9 11 13 15 17 18 19 20 21 22 23 24 25 26 27 28 29 30 32 33 34 35 37 38 39 40 42 43 44 45 47 48 49 50 51 52 54 55
ply 32|0001200200020202000000000000001100010000200002000000200|8 3 0 0|3 2 0 0|2 3 0 0|2|0||1 2 3 6 7 10 11 13 15 17 18 19 20 21 22 23 25 26 27 28 29 30 33 34 35 37 38 40 42 43 44 45 47 48 49 50 51 55
ply 15|0001200200020222000000000000001100010000200002000000200|8 2 0 0|3 2 0 0|2 3 0 0|1|0||1 2 3 6 7 9 11 13 17 18 19 20 21 22 23 24 25 26 27 28 29 30 33 34 35 37 38 39 42 43 44 45 47 48 49 50 51 52 54 55
ply 34|0001200200020222000000000000001101010000200002000000200|7 2 0 0|3 2 0 0|2 3 0 0|2|0||1 2 3 6 7 10 11 13 17 18 19 20 21 22 23 25 26 27 28 29 30 33 35 37 38 40 42 43 44 45 47 48 49 50 51 55
ply 1|2001200200020222000000000000001101010000200002000000200|7 1 0 0|3 2 0 0|2 3 0 0|1|0||2 3 6 7 9 11 13 17 18 19 20 21 22 23 24 25 26 27 28 29 30 33 35 37 38 39 42 43 44 45 47 48 49 50 51 52 54 55
ply 49|2001200200020222000000000000001101010000200002001000200|6 1 0 0|3 2 0 0|2 3 0 0|2|0||3 6 7 10 11 13 17 18 19 20 21 22 23 25 26 27 28 29 30 33 35 37 38 40 42 43 44 45 47 48 50 51 55
ply 51|2001200200020222000000000000001101010000200002001020200|6 0 0 0|3 2 0 0|2 3 0 0|0|1||
game 3
ply 0|0000000000000000000000000000000000000000000000000000000|14 14 14 0|0 0 0 0|0 0 0 0|1|0||1 2 3 4 5 6 7 8 9 10 11 12 13 14 15 16 17 18 19 20 21 22 23 24 25 26 27 28 29 30 31 32 33 34 35 36 37 38 39 40 41 42 43 44 45 46 47 48 49 50 51 52 53 54 55
ply 9|0000000010000000000000000000000000000000000000000000000|13 14 14 0|0 0 0 0|0 0 0 0|2|0||1 2 3 4 5 6 7 8 10 11 12 13 14 15 16 17 18 19 20 21 22 23 24 25 26 27 28 29 30 31 32 33 34 35 36 37 38 39 40 41 42 43 44 45 46 47 48 49 50 51 52 53 54 55
ply 46|0000000010000000000000000000000000000000000002000000000|13 13 14 0|0 0 0 0|0 0 0 0|3|0||1 2 3 4 5 6 7 8 10 11 12 13 14 15 16 17 18 19 20 21 22 23 24 25 26 27 28 29 30 31 32 33 34 35 36 37 38 39 40 41 42 43 44 45 47 48 49 50 51 52 53 54 55
ply 23|0000000010000000000000300000000000000000000002000000000|13 13 13 0|0 0 0 0|0 0 0 0|1|0||1 2 3 4 5 6 7 8 10 11 12 13 14 15 17 18 19 20 21 22 24 25 26 27 28 29 30 31 32 33 34 35 36 37 38 39 40 41 42 43 44 45 47 48 49 50 51 52 53 54 55
ply 3|0010000010000000000000300000000000000000000002000000000|12 13 13 0|0 0 0 0|0 0 0 0|2|0||1 2 4 5 6 7 8 10 11 12 13 14 15 16 17 18 19 20 21 22 24 25 26 27 28 29 30 31 32 33 34 35 36 37 38 40 41 42 43 44 45 47 48 49 50 51 53 54 55
ply 50|0010000010000000000000300000000000000000000002000200000|12 12 13 0|0 0 0 0|0 0 0 0|3|0||1 2 4 5 6 7 8 10 11 12 13 14 15 16 17 18 19 20 21 22 24 25 26 27 28 29 30 31 32 33 34 35 36 37 38 39 40 41 42 43 44 45 47 48 49 51 52 53 54 55
ply 53|0010000010000000000000300000000000000000000002000200300|12 12 12 0|0 0 0 0|0 0 0 0|1|0||1 4 5 6 7 8 10 11 12 13 14 15 17 18 19 20 21 22 24 25 26 27 28 29 30 31 32 33 34 35 36 37 38 39 40 41 42 43 44 45 47 48 49 51 52 54 55
ply 5|0010100010000000000000300000000000000000000002000200300|11 12 12 0|0 0 0 0|0 0 0 0|2|0||1 2 4 6 7 8 10 11 12 13 14 15 16 17 18 19 20 21 22 24 25 26 27 28 29 30 31 32 33 34 35 36 37 38 40 41 42 43 44 45 47 48 49 51 54 55
ply 32|0010100010000000000000300000000200000000000002000200300|11 11 12 0|0 0 0 0|0 0 0 0|3|0||1 2 4 6 7 8 10 11 12 13 14 15 16 17 18 19 20 21 22 24 25 26 27 28 29 30 31 33 34 35 36 37 38 39 40 41 42 43 44 45 47 48 49 51 52 55
ply 43|0010100010000000000000300000000200000000003002000200300|11 11 11 0|0 0 0 0|0 0 0 0|1|0||1 4 6 7 8 10 11 12 13 14 15 17 18 19 20 21 22 24 25 26 27 28 29 30 31 33 34 35 36 37 38 39 40 41 42 44 45 47 48 49 51 52 54 55
ply 42|0010100010000000000000300000000200000000013002000200300|10 11 11 0|0 0 0 0|0 0 0 0|2|0||1 2 4 6 7 8 10 11 12 13 14 15 16 17 18 19 20 21 22 24 25 26 27 28 29 30 31 33 34 35 36 37 38 41 44 45 47 48 49 51 54 55
ply 21|0010100010000000000020300000000200000000013002000200300|10 10 11 0|0 0 0 0|0 0 0 0|3|0||1 2 4 6 7 8 10 11 12 13 14 15 16 17 18 19 20 22 24 25 26 27 28 29 30 31 33 34 35 36 37 38 39 40 41 44 45 47 48 49 51 52 55
ply 45|0010100010000000000020300000000200000000013032000200300|10 10 10 0|0 0 0 0|0 0 0 0|1|0||1 4 6 7 8 10 11 12 13 14 15 17 18 19 20 22 24 25 26 27 28 29 30 31 33 34 35 36 37 38 39 40 41 44 47 48 49 51 52 54 55
ply 47|0010100010000000000020300000000200000000013032100200300|9 10 10 0|0 0 0 0|0 0 0 0|2|0||1 2 4 6 7 8 10 11 12 13 14 15 16 17 18 19 20 22 24 25 26 27 28 29 30 31 33 34 35 36 37 38 41 44 48 49 51 54 55
ply 7|0010102010000000000020300000000200000000013032100200300|9 9 10 0|0 0 0 0|0 0 0 0|3|0||1 2 4 6 8 10 11 12 13 14 15 16 17 18 19 20 22 24 25 26 27 28 29 30 31 33 34 35 36 37 38 39 40 41 44 48 49 51 52 55
ply 1|3010102010000000000020300000000200000000013032100200300|9 9 9 0|0 0 0 0|0 0 0 0|1|0||4 6 8 10 11 12 13 14 15 17 18 19 20 22 24 25 26 27 28 29 30 31 33 34 35 36 37 38 39 41 44 48 49 51 52 54 55
ply 10|3010102011000000000020300000000200000000013032100200300|8 9 9 0|0 0 0 0|0 0 0 0|2|0||2 4 6 8 11 12 13 14 15 16 17 18 19 20 22 24 25 26 27 28 29 30 31 33 34 35 36 37 38 41 44 48 49 51 54 55
ply 20|3010102011000000000220300000000200000000013032100200300|8 8 9 0|0 0 0 0|0 0 0 0|3|0||4 6 8 11 12 13 14 15 16 17 18 19 22 24 25 26 27 28 29 30 31 33 34 35 36 37 38 39 40 41 44 48 49 51 52 55
ply 11|3010102011300000000220300000000200000000013032100200300|8 8 8 0|0 0 0 0|0 0 0 0|1|0||6 8 12 13 14 15 18 19 22 24 25 26 27 28 29 30 31 33 34 35 36 37 38 39 41 44 48 49 51 52 54 55
ply 12|3010102011310000000220300000000200000000013032100200300|7 8 8 0|0 0 0 0|0 0 0 0|2|0||2 4 6 8 13 14 15 16 17 18 19 22 24 25 26 27 28 29 30 31 33 34 35 36 37 38 41 44 48 49 51 54 55
ply 17|3010102011310000200220300000000200000000013032100200300|7 7 8 0|0 0 0 0|0 0 0 0|3|0||4 6 8 13 14 15 16 18 19 22 24 25 26 27 28 29 30 31 33 34 35 36 37 38 39 40 41 44 48 49 51 52 55
ply 36|3010102011310000200220300000000200030000013032100200300|7 7 7 0|0 0 0 0|0 0 0 0|1|0||6 8 13 14 15 18 19 22 24 25 26 27 28 29 30 31 33 34 35 37 38 39 41 44 48 49 51 52 54 55
ply 31|3010102011310000200220300000001200030000013032100200300|6 7 7 0|0 0 0 0|0 0 0 0|2|0||2 4 6 8 13 14 15 16 18 19 22 24 25 26 27 28 29 30 33 34 35 37 38 41 44 48 49 51 54 55
ply 18|3010102011310000220220300000001200030000013032100200300|6 6 7 0|0 0 0 0|0 0 0 0|3|0||4 6 8 13 14 15 16 19 22 24 25 26 27 28 29 30 33 34 35 37 38 39 40 41 44 48 49 51 52 55
ply 52|3010102011310000220220300000001200030000013032100203300|6 6 6 0|0 0 0 0|0 0 0 0|1|0||6 8 13 14 15 19 22 24 25 26 27 28 29 30 33 34 35 37 38 39 41 44 48 49 51 54 55
ply 38|3010102011310000220220300000001200030100013032100203300|5 6 6 0|0 0 0 0|0 0 0 0|2|0||2 4 6 8 13 14 15 16 19 22 24 25 26 27 28 29 30 33 34 35 37 41 44 48 49 51 54 55
ply 33|3010102011310000220220300000001220030100013032100203300|5 5 6 0|0 0 0 0|0 0 0 0|3|0||4 6 8 13 14 15 16 19 22 24 25 26 27 28 29 30 34 35 37 39 40 41 44 48 49 51 55
ply 51|3010102011310000220220300000001220030100013032100233300|5 5 5 0|0 0 0 0|0 0 0 0|1|0||6 8 13 14 15 19 22 24 25 26 27 28 29 30 34 35 37 39 41 44 48 49 54 55
ply 41|3010102011310000220220300000001220030100113032100233300|4 5 5 0|0 0 0 0|0 0 0 0|2|0||2 4 6 8 13 14 15 16 19 22 24 25 26 27 28 29 30 34 35 37 44 48 49 54 55
ply 8|3010102211310000220220300000001220030100113032100233300|4 4 5 0|0 0 0 0|0 0 0 0|3|0||4 6 13 14 15 16 19 22 24 25 26 27 28 29 30 34 35 37 39 40 44 48 49 55
ply 4|3013102211310000220220300000001220030100113032100233300|4 4 4 0|0 0 0 0|0 0 0 0|1|0||6 13 14 15 19 22 24 25 26 27 28 29 30 34 35 37 39 44 48 49 54 55
ply 49|3013102211310000220220300000001220030100113032101233300|3 4 4 0|0 0 0 0|0 0 0 0|2|0||2 6 13 14 15 16 19 22 24 25 26 27 28 29 30 34 35 37 44 48 54 55
ply 24|3013102211310000220220320000001220030100113032101233300|3 3 4 0|0 0 0 0|0 0 0 0|3|0||6 13 14 15 16 19 22 25 26 27 28 29 30 34 35 37 39 40 44 48 55
ply 13|3013102211313000220220320000001220030100113032101233300|3 3 3 0|0 0 0 0|0 0 0 0|1|0||6 14 15 19 22 25 26 27 28 29 30 34 35 37 39 44 48 54 55
ply 29|3013102211313000220220320000101220030100113032101233300|2 3 3 0|0 0 0 0|0 0 0 0|2|0||2 6 14 15 19 22 25 26 27 28 30 34 35 37 44 48 54 55
ply 25|3013102211313000220220322000101220030100113032101233300|2 2 3 0|0 0 0 0|0 0 0 0|3|0||6 14 15 16 19 22 26 27 28 30 34 35 37 39 40 44 48 55 56
ply 56|0013002211000000220220322000101220030100113032101233300|2 2 6 0|0 0 2 0|2 0 0 0|1|0||1 5 6 11 12 13 14 15 19 22 26 27 28 30 34 35 37 39 44 48 54 55
ply 14|0013002211000100220220322000101220030100113032101233300|1 2 6 0|0 0 2 0|2 0 0 0|2|0||1 2 5 6 11 12 13 15 19 22 26 27 28 30 34 35 37 44 48 54 55
ply 26|0013002211000100220220322200101220030100113032101233300|1 1 6 0|0 0 2 0|2 0 0 0|3|0||1 2 5 6 11 12 13 15 16 19 22 27 28 30 34 35 37 39 40 44 48 55
ply 22|0013002211000100220223322200101220030100113032101233300|1 1 5 0|0 0 2 0|2 0 0 0|1|0||1 5 6 11 12 13 15 19 27 28 30 34 35 37 39 44 48 54 55 152
ply 152|0013002210000000200003322000101220030100103032101233300|4 1 5 0|4 0 2 0|2 4 0 0|2|0||1 2 5 6 11 12 13 14 15 18 19 20 21 26 27 28 30 34 35 37 42 44 48 54 55
ply 1|2013002210000000200003322000101220030100103032101233300|4 0 5 0|4 0 2 0|2 4 0 0|3|0||2 5 6 11 12 13 14 15 16 18 19 20 21 26 27 28 30 34 35 37 39 40 42 44 48 55
ply 16|2013002210000003200003322000101220030100103032101233300|4 0 4 0|4 0 2 0|2 4 0 0|1|0||5 6 10 11 12 13 14 15 18 19 20 21 26 27 28 30 34 35 37 39 42 44 48 54 55
ply 55|2013002210000003200003322000101220030100103032101233301|3 0 4 0|4 0 2 0|2 4 0 0|3|0|2|2 5 6 11 12 13 14 15 18 19 20 21 26 27 28 30 34 35 37 39 40 42 44 48
ply 14|2013002210000303200003322000101220030100103032101233301|3 0 3 0|4 0 2 0|2 4 0 0|1|0||5 6 10 11 12 13 15 18 19 20 21 26 27 28 30 34 35 37 39 42 44 48
ply 26|2013002210000303200003322100101220030100103032101233301|2 0 3 0|4 0 2 0|2 4 0 0|3|0|2|2 5 6 11 12 13 15 18 19 20 21 27 28 30 34 35 37 39 40 42 44 48
ply 40|2013002210000303200003322100101220030103103032101233301|2 0 2 0|4 0 2 0|2 4 0 0|1|0||5 6 10 11 12 13 15 18 19 20 21 27 28 30 34 35 37 39 42 44 48 168
ply 11|2013002210100303200003322100101220030103103032101233301|1 0 2 0|4 0 2 0|2 4 0 0|3|0|2|2 5 6 12 13 15 18 19 20 21 27 28 30 34 35 37 39 42 44 48
ply 27|2013002210100303200003322130101220030103103032101233301|1 0 1 0|4 0 2 0|2 4 0 0|1|0||5 6 10 12 13 15 18 19 20 21 28 30 34 35 37 39 42 44 48 168
ply 168|2013002210100303200003322000001220000103100032100233301|4 0 1 0|7 0 2 0|2 4 3 0|3|0|2|2 5 6 12 13 15 18 19 20 21 26 27 28 29 30 34 35 36 37 39 42 43 44 48 49
ply 30|2013002210100303200003322000031220000103100032100233301|4 0 0 0|7 0 2 0|2 4 3 0|0|1||
game 4
ply 0|0000000000000000000000000000000000000000000000000000000|14 14 14 14|0 0 0 0|0 0 0 0|1|0||1 2 3 4 5 6 7 8 9 10 11 12 13 14 15 16 17 18 19 20 21 22 23 24 25 26 27 28 29 30 31 32 33 34 35 36 37 38 39 40 41 42 43 44 45 46 47 48 49 50 51 52 53 54 55
ply 55|0000000000000000000000000000000000000000000000000000001|13 14 14 14|0 0 0 0|0 0 0 0|2|0||1 2 3 4 5 6 7 8 9 10 11 12 13 14 15 16 17 18 19 20 21 22 23 24 25 26 27 28 29 30 31 32 33 34 35 36 37 38 39 40 41 42 43 44 45 46 47 48 49 50 51 52 53 54
ply 40|0000000000000000000000000000000000000002000000000000001|13 13 14 14|0 0 0 0|0 0 0 0|3|0||1 2 3 4 5 6 7 8 9 10 11 12 13 14 15 16 17 18 19 20 21 22 23 24 25 26 27 28 29 30 31 32 33 34 35 36 37 38 39 41 42 43 44 45 46 47 48 49 50 51 52 53 54
ply 17|0000000000000000300000000000000000000002000000000000001|13 13 13 14|0 0 0 0|0 0 0 0|4|0||1 2 3 4 5 6 7 8 9 10 11 12 13 14 15 16 18 19 20 21 22 23 24 25 26 27 28 29 30 31 32 33 34 35 36 37 38 39 41 42 43 44 45 46 47 48 49 50 51 52 53 54
ply 4|0004000000000000300000000000000000000002000000000000001|13 13 13 13|0 0 0 0|0 0 0 0|1|0||1 2 3 5 6 7 8 9 10 11 12 13 14 15 16 18 19 20 21 22 23 24 25 26 27 28 29 30 31 32 33 34 35 36 37 38 39 41 42 43 44 45 46 47 48 49 50 51 52 53
ply 11|0004000000100000300000000000000000000002000000000000001|12 13 13 13|0 0 0 0|0 0 0 0|2|0||1 2 3 5 6 7 8 9 10 12 13 14 15 16 18 19 20 21 22 23 24 25 26 27 28 29 30 31 33 34 35 36 37 38 39 41 42 43 44 45 46 48 49 50 51 52 53 54
ply 16|0004000000100002300000000000000000000002000000000000001|12 12 13 13|0 0 0 0|0 0 0 0|3|0||1 2 3 5 6 7 8 9 12 13 14 15 18 19 20 21 22 23 24 25 26 27 28 29 30 31 32 33 34 35 36 37 38 39 41 42 43 44 45 46 47 48 49 50 51 52 53 54
ply 49|0004000000100002300000000000000000000002000000003000001|12 12 12 13|0 0 0 0|0 0 0 0|4|0||1 2 3 5 6 7 8 9 12 13 14 15 18 19 20 21 22 23 24 25 26 27 28 29 30 31 32 33 34 35 36 37 38 39 41 42 43 44 45 46 47 48 50 51 52 53 54
ply 18|0004000000100002340000000000000000000002000000003000001|12 12 12 12|0 0 0 0|0 0 0 0|1|0||1 2 3 5 6 7 8 9 10 12 13 14 15 19 20 21 22 23 24 25 26 27 28 29 30 31 32 33 34 35 36 37 38 39 41 42 43 44 45 46 47 48 50 51 52 53
ply 44|0004000000100002340000000000000000000002000100003000001|11 12 12 12|0 0 0 0|0 0 0 0|2|0||1 2 3 5 6 7 8 10 12 13 14 15 19 20 21 22 23 25 26 27 28 29 30 31 33 34 35 36 37 38 39 41 42 43 45 46 48 50 51 52 53 54
ply 15|0004000000100022340000000000000000000002000100003000001|11 11 12 12|0 0 0 0|0 0 0 0|3|0||1 2 3 5 6 7 8 9 12 13 14 19 20 21 22 23 24 25 26 27 28 29 30 31 32 33 34 35 36 37 38 39 41 42 43 45 46 47 48 50 51 52 53 54
ply 37|0004000000100022340000000000000000003002000100003000001|11 11 11 12|0 0 0 0|0 0 0 0|4|0||1 2 3 5 6 7 8 9 12 13 14 19 20 21 22 23 24 25 26 27 28 29 30 31 32 33 34 35 36 38 39 41 42 43 45 46 47 48 50 51 52 53 54
ply 30|0004000000100022340000000000040000003002000100003000001|11 11 11 11|0 0 0 0|0 0 0 0|1|0||1 2 3 5 6 7 8 9 10 12 13 14 19 20 21 22 23 24 25 26 27 28 29 31 32 33 34 35 36 38 39 41 42 43 45 46 47 48 50 51 52 53
ply 52|0004000000100022340000000000040000003002000100003001001|10 11 11 11|0 0 0 0|0 0 0 0|2|0||1 2 3 5 6 7 8 10 12 13 14 19 20 21 22 23 25 26 27 28 29 31 33 34 35 36 38 39 41 42 43 45 46 48 50 51 53 54
ply 31|0004000000100022340000000000042000003002000100003001001|10 10 11 11|0 0 0 0|0 0 0 0|3|0||1 2 3 5 6 7 8 9 12 13 14 19 20 21 22 23 24 25 26 27 28 29 32 33 34 35 36 38 39 41 42 43 45 46 47 48 50 51 53 54
ply 51|0004000000100022340000000000042000003002000100003031001|10 10 10 11|0 0 0 0|0 0 0 0|4|0||1 2 3 5 6 7 8 9 12 13 14 19 20 21 22 23 24 25 26 27 28 29 32 33 34 35 36 38 39 41 42 43 45 46 47 48 50 53 54
ply 53|0004000000100022340000000000042000003002000100003031401|10 10 10 10|0 0 0 0|0 0 0 0|1|0||1 2 3 5 6 7 8 9 10 12 13 14 19 20 21 22 23 24 25 26 27 28 29 32 33 34 35 36 38 39 41 42 43 45 47 48 50
ply 36|0004000000100022340000000000042000013002000100003031401|9 10 10 10|0 0 0 0|0 0 0 0|2|0||1 2 3 5 6 7 8 10 12 13 14 19 20 21 22 23 25 26 27 28 29 33 34 35 38 39 41 42 43 45 46 48 50 54
ply 33|0004000000100022340000000000042020013002000100003031401|9 9 10 10|0 0 0 0|0 0 0 0|3|0||1 2 3 5 6 7 8 9 12 13 14 19 20 21 22 23 24 25 26 27 28 29 32 34 35 38 39 41 42 43 45 46 47 48 50 54
ply 45|0004000000100022340000000000042020013002000130003031401|9 9 9 10|0 0 0 0|0 0 0 0|4|0||1 2 3 5 6 7 8 9 12 13 14 19 20 21 22 23 24 25 26 27 28 29 32 34 35 38 39 41 42 43 46 47 48 50
ply 50|0004000000100022340000000000042020013002000130003431401|9 9 9 9|0 0 0 0|0 0 0 0|1|0||1 2 3 5 6 7 8 9 10 12 13 14 19 20 21 22 23 24 25 26 27 28 29 32 34 35 38 39 41 42 43 47 48
ply 10|0004000001100022340000000000042020013002000130003431401|8 9 9 9|0 0 0 0|0 0 0 0|2|0||1 2 3 5 6 7 8 12 13 14 19 20 21 22 23 25 26 27 28 29 34 35 38 39 41 42 43 46 48 54
ply 26|0004000001100022340000000200042020013002000130003431401|8 8 9 9|0 0 0 0|0 0 0 0|3|0||1 2 3 5 6 7 8 9 12 13 14 19 20 21 22 23 24 25 27 28 29 32 34 35 38 39 41 42 43 46 47 48 54
ply 6|0004030001100022340000000200042020013002000130003431401|8 8 8 9|0 0 0 0|0 0 0 0|4|0||1 2 3 5 7 8 9 12 13 14 19 20 21 22 23 24 25 27 28 29 32 34 35 38 39 41 42 43 46 47 48
ply 5|0004430001100022340000000200042020013002000130003431401|8 8 8 8|0 0 0 0|0 0 0 0|1|0||1 2 3 7 8 9 12 13 14 19 20 21 22 23 24 25 27 28 29 32 34 35 38 39 41 42 43 47 48
ply 32|0004430001100022340000000200042120013002000130003431401|7 8 8 8|0 0 0 0|0 0 0 0|2|0||1 2 3 7 8 12 13 14 19 20 21 22 23 25 27 28 29 34 35 38 39 41 42 43 46 48 54
ply 2|0204430001100022340000000200042120013002000130003431401|7 7 8 8|0 0 0 0|0 0 0 0|3|0||1 3 7 8 9 12 13 14 19 20 21 22 23 24 25 27 28 29 34 35 38 39 41 42 43 46 47 48 54
ply 38|0204430001100022340000000200042120013302000130003431401|7 7 7 8|0 0 0 0|0 0 0 0|4|0||1 3 7 8 9 12 13 14 19 20 21 22 23 24 25 27 28 29 34 35 39 41 42 43 46 47 48
ply 42|0204430001100022340000000200042120013302040130003431401|7 7 7 7|0 0 0 0|0 0 0 0|1|0||1 3 7 8 9 12 13 14 19 20 21 22 23 24 25 27 28 29 34 35 39 41 43 47 48
ply 9|0204430011100022340000000200042120013302040130003431401|6 7 7 7|0 0 0 0|0 0 0 0|2|0||7 8 12 13 14 19 20 21 22 23 25 27 28 29 34 35 39 41 43 46 48 54
ply 34|0204430011100022340000000200042122013302040130003431401|6 6 7 7|0 0 0 0|0 0 0 0|3|0||1 3 7 8 12 13 14 19 20 21 22 23 24 25 27 28 29 35 39 41 43 46 47 48 54
ply 21|0204430011100022340030000200042122013302040130003431401|6 6 6 7|0 0 0 0|0 0 0 0|4|0||1 3 7 8 12 13 14 19 20 22 23 24 25 27 28 29 35 39 41 43 46 47 48
ply 46|0204430011100022340030000200042122013302040134003431401|6 6 6 6|0 0 0 0|0 0 0 0|1|0||1 3 7 8 12 13 14 19 20 22 23 24 25 27 28 29 35 39 41 43 47 48
ply 47|0204430011100022340030000200042122013302040134103431401|5 6 6 6|0 0 0 0|0 0 0 0|2|0||7 8 12 13 14 19 20 22 23 25 27 28 29 35 39 41 43 48 54
ply 27|0204430011100022340030000220042122013302040134103431401|5 5 6 6|0 0 0 0|0 0 0 0|3|0||1 3 7 8 12 13 14 19 20 22 23 24 25 28 29 35 39 41 43 48 54
ply 24|0204430011100022340030030220042122013302040134103431401|5 5 5 6|0 0 0 0|0 0 0 0|4|0||1 3 7 8 12 13 14 19 20 22 23 25 28 29 35 41 43 48
ply 28|0204430011100022340030030224042122013302040134103431401|5 5 5 5|0 0 0 0|0 0 0 0|1|0||7 8 12 13 14 19 20 22 23 25 29 35 41 43 48
ply 23|0204430011100022340030130224042122013302040134103431401|4 5 5 5|0 0 0 0|0 0 0 0|2|0||7 8 12 13 14 19 20 22 25 29 35 39 41 43 48 54
ply 39|0204430011100022340030130224042122013322040134103431401|4 4 5 5|0 0 0 0|0 0 0 0|3|0||1 3 7 8 12 13 14 19 20 22 25 29 35 41 43 48 54 162
ply 8|0204430311100022340030130224042122013322040134103431401|4 4 4 5|0 0 0 0|0 0 0 0|4|0||1 3 7 12 13 14 19 20 22 25 29 35 41 43 48
ply 35|0204430311100022340030130224042122413322040134103431401|4 4 4 4|0 0 0 0|0 0 0 0|1|0||7 12 13 14 19 20 22 25 29 41 43 48
ply 22|0204430311100022340031130224042122413322040134103431401|3 4 4 4|0 0 0 0|0 0 0 0|2|0||7 12 13 14 19 20 25 29 41 43 48 54
ply 14|0204430311100222340031130224042122413322040134103431401|3 3 4 4|0 0 0 0|0 0 0 0|3|0||1 3 7 12 13 19 20 25 29 41 43 48 54 111 162
ply 3|0234430311100222340031130224042122413322040134103431401|3 3 3 4|0 0 0 0|0 0 0 0|4|0||1 7 12 13 19 20 25 29 41 43 48
ply 1|4234430311100222340031130224042122413322040134103431401|3 3 3 3|0 0 0 0|0 0 0 0|1|0||7 12 13 19 20 25 29 41 43 48
ply 25|4234430311100222340031131224042122413322040134103431401|2 3 3 3|0 0 0 0|0 0 0 0|2|0||7 12 13 19 20 29 41 43 48 54
ply 20|4234430311100222340231131224042122413322040134103431401|2 2 3 3|0 0 0 0|0 0 0 0|3|0||7 12 13 19 29 41 43 48 54 111 162
ply 7|4234433311100222340231131224042122413322040134103431401|2 2 2 3|0 0 0 0|0 0 0 0|4|0||12 13 19 29 41 43 48
ply 43|4234433311100222340231131224042122413322044134103431401|2 2 2 2|0 0 0 0|0 0 0 0|1|0||12 13 19 29 41 48
ply 48|4234433311100222340231131224042122413322044134113431401|1 2 2 2|0 0 0 0|0 0 0 0|2|0||12 13 19 29 41 54
ply 29|4234433311100222340231131224242122413322044134113431401|1 1 2 2|0 0 0 0|0 0 0 0|3|0||12 13 19 41 54 111 162
ply 162|4234433311100222340200001224000122410022044104113431401|1 1 7 2|0 0 5 0|2 2 0 1|4|0||12 13 19 21 22 23 24 29 30 31 37 38 41 45
ply 38|4234433311100222340200001224000122410422044104113431401|1 1 7 1|0 0 5 0|2 2 0 1|1|0||12 13 19 21 22 23 29 30 31 37 41 45
ply 19|4234433311100222341200001224000122410422044104113431401|0 1 7 1|0 0 5 0|2 2 0 1|2|0||12 13 21 22 23 29 30 31 37 41 45 54
ply 23|4234433311100222341200201224000122410422044104113431401|0 0 7 1|0 0 5 0|2 2 0 1|3|0||12 13 21 22 24 29 30 31 37 41 45 54
ply 37|4234433311100222341200201224000122413422044104113431401|0 0 6 1|0 0 5 0|2 2 0 1|4|0||12 13 21 22 24 29 30 31 41 45
ply 29|4234433311100222341200201224400122413422044104113431401|0 0 6 0|0 0 5 0|2 2 0 1|0|3||
game 2
ply 0|0000000000000000000000000000000000000000000000000000000|14 14 0 0|0 0 0 0|0 0 0 0|1|0||1 2 3 4 5 6 7 8 9 10 11 12 13 14 15 16 17 18 19 20 21 22 23 24 25 26 27 28 29 30 31 32 33 34 35 36 37 38 39 40 41 42 43 44 45 46 47 48 49 50 51 52 53 54 55
ply 11|0000000000100000000000000000000000000000000000000000000|13 14 0 0|0 0 0 0|0 0 0 0|2|0||1 2 3 4 5 6 7 8 9 10 12 13 14 15 16 17 18 19 20 21 22 23 24 25 26 27 28 29 30 31 32 33 34 35 36 37 38 39 40 41 42 43 44 45 46 47 48 49 50 51 52 53 54 55
ply 37|0000000000100000000000000000000000002000000000000000000|13 13 0 0|0 0 0 0|0 0 0 0|1|0||1 2 3 4 5 6 7 8 9 10 12 13 14 15 16 17 18 19 20 21 22 23 24 25 26 27 28 29 30 31 32 33 34 35 36 38 39 40 41 42 43 44 45 46 47 48 49 50 51 52 53 54 55
ply 32|0000000000100000000000000000000100002000000000000000000|12 13 0 0|0 0 0 0|0 0 0 0|2|0||1 2 3 4 5 6 7 8 9 10 12 13 14 15 16 17 18 19 20 21 22 23 24 25 26 27 28 29 30 31 33 34 35 36 38 39 40 41 42 43 44 45 46 47 48 49 50 51 52 53 54 55
ply 51|0000000000100000000000000000000100002000000000000020000|12 12 0 0|0 0 0 0|0 0 0 0|1|0||1 2 3 4 5 6 7 8 9 10 12 13 14 15 16 17 18 19 20 21 22 23 24 25 26 27 28 29 30 31 33 34 35 36 38 39 41 42 43 44 45 46 47 48 49 50 52 53 54 55
ply 33|0000000000100000000000000000000110002000000000000020000|11 12 0 0|0 0 0 0|0 0 0 0|2|0||1 2 3 4 5 6 7 8 9 10 12 13 14 15 16 17 18 19 20 21 22 23 24 25 26 27 28 29 30 31 34 35 36 38 39 40 41 42 43 44 45 46 47 48 49 50 52 53 54 55
ply 49|0000000000100000000000000000000110002000000000002020000|11 11 0 0|0 0 0 0|0 0 0 0|1|0||1 2 3 4 5 6 7 8 9 10 12 13 14 15 16 17 18 19 20 21 22 23 24 25 26 27 28 29 30 31 34 35 36 38 39 41 42 43 44 45 46 47 48 50 52 53 54 55
ply 54|0000000000100000000000000000000110002000000000002020010|10 11 0 0|0 0 0 0|0 0 0 0|2|0||1 2 3 4 5 6 7 8 9 10 12 13 14 15 16 17 18 19 20 21 22 23 24 25 26 27 28 29 30 31 34 35 36 38 39 40 41 42 43 44 45 46 47 48 50 52 53 55
ply 5|0000200000100000000000000000000110002000000000002020010|10 10 0 0|0 0 0 0|0 0 0 0|1|0||1 2 3 4 6 7 8 9 10 12 13 14 15 16 17 18 19 20 21 22 23 24 25 26 27 28 29 30 31 34 35 36 38 39 41 42 43 44 45 46 47 48 50 52
ply 4|0001200000100000000000000000000110002000000000002020010|9 10 0 0|0 0 0 0|0 0 0 0|2|0||1 2 3 6 7 8 9 10 12 13 14 15 16 17 18 19 20 21 22 23 24 25 26 27 28 29 30 31 34 35 36 38 39 40 41 42 43 44 45 46 47 48 50 52 53 55
ply 27|0001200000100000000000000020000110002000000000002020010|9 9 0 0|0 0 0 0|0 0 0 0|1|0||1 2 3 6 7 8 9 12 13 14 15 16 17 18 19 20 21 22 23 24 25 26 28 29 30 31 34 35 36 38 39 41 42 43 44 45 46 47 48 50 52
ply 25|0001200000100000000000001020000110002000000000002020010|8 9 0 0|0 0 0 0|0 0 0 0|2|0||1 2 3 6 7 8 9 10 12 13 14 15 16 17 18 19 20 21 22 23 24 26 28 29 30 31 34 35 36 38 39 40 41 42 43 44 45 46 47 48 50 52 53 55
ply 30|0001200000100000000000001020020110002000000000002020010|8 8 0 0|0 0 0 0|0 0 0 0|1|0||1 2 3 6 7 8 9 12 13 14 15 16 17 18 19 20 21 22 23 24 26 28 29 31 34 35 36 38 39 41 42 43 44 45 46 47 48 50 52
ply 41|0001200000100000000000001020020110002000100000002020010|7 8 0 0|0 0 0 0|0 0 0 0|2|0||1 2 3 6 7 8 9 10 12 13 14 15 16 17 18 19 20 21 22 23 24 26 28 29 31 34 35 36 38 39 40 42 43 44 45 46 47 48 50 52 53 55
ply 17|0001200000100000200000001020020110002000100000002020010|7 7 0 0|0 0 0 0|0 0 0 0|1|0||1 2 3 6 7 8 9 12 13 14 15 16 18 19 20 21 22 23 24 26 28 29 31 34 35 36 38 39 42 43 44 45 46 47 48 50 52
ply 9|0001200010100000200000001020020110002000100000002020010|6 7 0 0|0 0 0 0|0 0 0 0|2|0||1 2 3 6 7 8 12 13 14 15 16 18 19 20 21 22 23 24 26 28 29 31 34 35 36 38 39 40 42 43 44 45 46 47 48 50 52 53 55
ply 39|0001200010100000200000001020020110002020100000002020010|6 6 0 0|0 0 0 0|0 0 0 0|1|0||1 2 3 6 7 8 12 13 14 15 18 19 20 21 22 23 24 26 28 29 31 34 35 36 38 42 43 44 45 46 47 48 50 52
ply 21|0001200010100000200010001020020110002020100000002020010|5 6 0 0|0 0 0 0|0 0 0 0|2|0||1 2 3 6 7 8 12 13 14 15 16 18 19 20 22 23 24 26 28 29 31 34 35 36 38 40 42 43 44 45 47 48 50 52 53 55
ply 52|0001200010100000200010001020020110002020100000002022010|5 5 0 0|0 0 0 0|0 0 0 0|1|0||1 2 3 6 7 8 12 13 14 15 18 19 20 22 23 24 26 28 29 31 34 35 36 38 42 43 44 45 46 47 48 50
ply 3|0011200010100000200010001020020110002020100000002022010|4 5 0 0|0 0 0 0|0 0 0 0|2|0||1 2 6 7 8 12 13 14 15 16 18 19 20 22 23 24 26 28 29 31 34 35 36 38 40 42 43 44 45 47 48 50 53 55
ply 40|0011200010100000200010001020020110002022100000002022010|4 4 0 0|0 0 0 0|0 0 0 0|1|0||1 6 7 8 12 13 14 15 18 19 20 22 23 24 26 28 29 31 34 35 36 38 42 43 44 45 46 47 48 50
ply 38|0011200010100000200010001020020110002122100000002022010|3 4 0 0|0 0 0 0|0 0 0 0|2|0||1 2 6 7 8 12 13 14 15 16 18 19 20 22 23 24 26 28 29 31 34 35 36 42 43 44 45 48 50 53 55 178
ply 178|0011200010100000200010001020020110000002100000002020010|3 7 0 0|0 1 0 0|1 0 0 0|1|0||1 6 7 8 12 13 14 15 18 19 20 22 23 24 26 28 29 31 34 35 36 37 38 39 42 43 44 45 46 47 48 50 52
ply 20|0011200010100000200110001020020110000002100000002020010|2 7 0 0|0 1 0 0|1 0 0 0|2|0||1 2 6 7 8 12 13 14 15 16 18 19 22 23 24 26 28 29 31 34 35 36 37 38 39 42 43 44 45 46 48 50 52 53 55
ply 23|0011200010100000200110201020020110000002100000002020010|2 6 0 0|0 1 0 0|1 0 0 0|1|0||1 6 7 8 12 13 14 15 18 19 22 24 26 28 29 31 34 35 36 37 38 39 42 43 44 45 46 47 48 50 52
ply 52|0011200010100000200110201020020110000002100000002021010|1 6 0 0|0 1 0 0|1 0 0 0|2|0||1 2 6 7 8 12 13 14 15 16 18 19 22 24 26 28 29 31 34 35 36 37 38 39 42 43 44 45 46 48 50 53 55
ply 46|0011200010100000200110201020020110000002100002002021010|1 5 0 0|0 1 0 0|1 0 0 0|1|0||6 7 8 12 13 14 15 18 19 22 26 28 29 31 34 35 36 37 38 42 43 44 45 48 50
ply 14|0011200010100100200110201020020110000002100002002021010|0 5 0 0|0 1 0 0|1 0 0 0|0|2||
game 2
ply 0|0000000000000000000000000000000000000000000000000000000|14 14 0 0|0 0 0 0|0 0 0 0|1|0||1 2 3 4 5 6 7 8 9 10 11 12 13 14 15 16 17 18 19 20 21 22 23 24 25 26 27 28 29 30 31 32 33 34 35 36 37 38 39 40 41 42 43 44 45 46 47 48 49 50 51 52 53 54 55
ply 26|0000000000000000000000000100000000000000000000000000000|13 14 0 0|0 0 0 0|0 0 0 0|2|0||1 2 3 4 5 6 7 8 9 10 11 12 13 14 15 16 17 18 19 20 21 22 23 24 25 27 28 29 30 31 32 33 34 35 36 37 38 39 40 41 42 43 44 45 46 47 48 49 50 51 52 53 54 55
ply 34|0000000000000000000000000100000002000000000000000000000|13 13 0 0|0 0 0 0|0 0 0 0|1|0||1 2 3 4 5 6 7 8 9 10 11 12 13 14 15 16 17 18 19 20 21 22 23 24 25 27 28 29 30 31 32 33 35 36 37 38 39 40 41 42 43 44 45 46 47 48 49 50 51 52 53 54 55
ply 51|0000000000000000000000000100000002000000000000000010000|12 13 0 0|0 0 0 0|0 0 0 0|2|0||1 2 3 4 5 6 7 8 9 10 11 12 13 14 15 16 17 18 19 20 21 22 23 24 25 27 28 29 30 31 32 33 35 36 37 38 39 40 41 42 43 44 45 46 47 48 49 50 52 53 54 55
ply 8|0000000200000000000000000100000002000000000000000010000|12 12 0 0|0 0 0 0|0 0 0 0|1|0||1 2 3 4 5 6 7 9 10 11 12 13 14 15 16 17 18 19 20 21 22 23 24 25 27 28 29 30 31 32 33 35 36 37 38 39 40 41 42 43 44 45 46 47 48 49 50 52 53 54 55
ply 43|0000000200000000000000000100000002000000001000000010000|11 12 0 0|0 0 0 0|0 0 0 0|2|0||1 2 3 4 5 6 7 9 10 11 12 13 14 15 16 17 18 19 20 21 22 23 24 25 27 28 29 30 31 32 33 35 36 37 38 39 40 41 42 44 45 46 47 48 49 50 52 53 54 55
ply 52|0000000200000000000000000100000002000000001000000012000|11 11 0 0|0 0 0 0|0 0 0 0|1|0||1 2 3 4 5 6 7 9 10 11 12 13 14 15 16 17 18 19 20 21 22 23 24 25 27 28 29 30 31 32 33 35 36 37 38 39 40 41 42 44 45 46 47 48 49 50 53 54 55
ply 49|0000000200000000000000000100000002000000001000001012000|10 11 0 0|0 0 0 0|0 0 0 0|2|0||1 2 3 4 5 6 7 9 10 11 12 13 14 15 16 17 18 19 20 21 22 23 24 25 27 28 29 30 31 32 33 35 36 37 38 39 40 41 42 44 45 47 48 50 53 54 55
ply 15|0000000200000020000000000100000002000000001000001012000|10 10 0 0|0 0 0 0|0 0 0 0|1|0||1 2 3 4 5 6 7 9 10 11 12 13 14 16 17 18 19 20 21 22 23 24 25 27 28 29 30 31 32 33 35 36 37 38 39 40 41 42 44 45 46 47 48 50 53 54 55
ply 6|0000010200000020000000000100000002000000001000001012000|9 10 0 0|0 0 0 0|0 0 0 0|2|0||1 2 3 4 5 7 9 10 11 12 13 14 16 17 18 19 20 21 22 23 24 25 27 28 29 30 31 32 33 35 36 37 38 39 40 41 42 44 45 47 48 50 53 54 55
ply 31|0000010200000020000000000100002002000000001000001012000|9 9 0 0|0 0 0 0|0 0 0 0|1|0||1 2 3 4 5 7 9 10 11 12 13 14 16 17 18 19 20 21 22 23 24 25 27 28 29 30 32 33 35 36 37 38 39 40 41 42 44 45 46 47 48 50 53 54 55
ply 4|0001010200000020000000000100002002000000001000001012000|8 9 0 0|0 0 0 0|0 0 0 0|2|0||1 2 3 5 7 9 10 11 12 13 14 16 17 18 19 20 21 22 23 24 25 27 28 29 30 32 33 35 36 37 38 39 40 41 42 44 45 47 48 50 53 54 55
ply 9|0001010220000020000000000100002002000000001000001012000|8 8 0 0|0 0 0 0|0 0 0 0|1|0||1 2 3 5 7 11 12 13 14 16 17 18 19 20 21 22 23 24 25 27 28 29 30 32 33 35 36 37 38 39 40 41 42 44 45 46 47 48 50 53 54 55
ply 3|0011010220000020000000000100002002000000001000001012000|7 8 0 0|0 0 0 0|0 0 0 0|2|0||1 2 5 7 10 11 12 13 14 17 18 19 20 21 22 23 24 25 27 28 29 30 32 33 35 36 37 38 39 40 41 42 44 45 47 48 50 53 54 55
ply 14|0011010220000220000000000100002002000000001000001012000|7 7 0 0|0 0 0 0|0 0 0 0|1|0||1 5 7 11 12 13 16 17 18 19 20 21 22 23 24 25 27 28 29 30 32 33 35 36 37 38 39 40 41 42 44 45 46 47 48 50 53 54 55
ply 47|0011010220000220000000000100002002000000001000101012000|6 7 0 0|0 0 0 0|0 0 0 0|2|0||1 2 5 7 10 11 12 13 17 18 19 20 21 22 23 24 25 27 28 29 30 32 33 35 36 37 38 39 40 41 42 44 45 48 50 53 54 55
ply 37|0011010220000220000000000100002002002000001000101012000|6 6 0 0|0 0 0 0|0 0 0 0|1|0||1 5 7 11 12 13 16 17 18 19 20 21 22 23 24 25 27 28 29 30 32 33 35 36 38 39 41 42 44 45 46 48 50 53 54 55
ply 35|0011010220000220000000000100002002102000001000101012000|5 6 0 0|0 0 0 0|0 0 0 0|2|0||1 2 5 7 10 11 12 13 17 18 19 20 21 22 23 24 25 27 28 29 30 32 33 36 38 39 40 41 42 44 45 48 50 53 54 55
ply 55|0011010220000220000000000100002002102000001000101012002|5 5 0 0|0 0 0 0|0 0 0 0|1|0||1 5 7 11 12 13 16 17 18 19 20 21 22 23 24 25 27 28 29 30 32 33 36 38 39 41 42 44 45 46 48 50 53 54
ply 27|0011010220000220000000000110002002102000001000101012002|4 5 0 0|0 0 0 0|0 0 0 0|2|0||1 2 5 7 10 11 12 13 17 18 19 20 21 22 23 24 25 28 29 30 32 33 36 38 39 40 41 42 44 45 48 50 53
ply 2|0211010220000220000000000110002002102000001000101012002|4 4 0 0|0 0 0 0|0 0 0 0|1|0||1 5 7 11 12 13 16 17 18 19 20 21 22 23 24 25 28 29 30 32 33 36 38 39 41 42 44 45 46 48 50 53 54
ply 13|0211010220001220000000000110002002102000001000101012002|3 4 0 0|0 0 0 0|0 0 0 0|2|0||5 7 10 11 12 17 18 19 20 21 22 23 24 25 28 29 30 32 33 36 38 39 40 41 42 44 45 48 50 53
ply 19|0211010220001220002000000110002002102000001000101012002|3 3 0 0|0 0 0 0|0 0 0 0|1|0||1 5 7 11 12 16 17 18 20 21 22 23 24 25 28 29 30 32 33 36 38 39 41 42 44 45 46 48 50 53 54
ply 38|0211010220001220002000000110002002102100001000101012002|2 3 0 0|0 0 0 0|0 0 0 0|2|0||5 7 10 11 12 17 18 20 21 22 23 24 25 28 29 30 32 33 36 39 40 41 42 44 45 48 50 53
ply 22|0211010220001220002002000110002002102100001000101012002|2 2 0 0|0 0 0 0|0 0 0 0|1|0||1 5 7 11 12 16 17 18 20 21 23 24 25 28 29 30 32 33 36 39 41 42 44 45 46 48 50 53 54
ply 21|0211010220001220002012000110002002102100001000101012002|1 2 0 0|0 0 0 0|0 0 0 0|2|0||5 7 10 11 12 17 18 20 23 24 25 28 29 30 32 33 36 39 40 41 42 44 45 48 50 53 61
ply 5|0211210220001220002012000110002002102100001000101012002|1 1 0 0|0 0 0 0|0 0 0 0|1|0||1 7 11 12 16 17 18 20 23 24 25 28 29 30 32 33 36 39 41 42 44 45 46 48 50 53 54
ply 29|0211210220001220002012000110102002102100001000101012002|0 1 0 0|0 0 0 0|0 0 0 0|2|0||7 10 11 12 17 18 20 23 24 25 28 30 32 33 36 39 40 41 42 44 45 48 50 53 61
ply 41|0211210220001220002012000110102002102100201000101012002|0 0 0 0|0 0 0 0|0 0 0 0|1|0||74 168
ply 168|0211210220001220002012000000002000002100200000100012002|6 0 0 0|1 0 0 0|0 1 0 0|2|0||61
ply 61|0011200220000020000000000000002000002100200000100012002|6 4 0 0|1 3 0 0|3 1 0 0|1|0||1 6 7 11 12 13 14 16 17 18 19 20 21 22 23 24 25 26 27 28 29 30 32 33 34 35 36 39 42 43 44 45 46 48 49 50 53 54
ply 19|0011200220000020001000000000002000002100200000100012002|5 4 0 0|1 3 0 0|3 1 0 0|2|0||1 2 6 7 10 11 12 13 14 17 18 20 21 22 23 24 25 26 27 28 29 30 32 33 34 35 36 39 40 42 43 44 45 48 49 50 53
ply 13|0011200220002020001000000000002000002100200000100012002|5 3 0 0|1 3 0 0|3 1 0 0|1|0||1 6 7 11 12 14 16 17 18 20 21 22 23 24 25 26 27 28 29 30 32 33 34 35 36 39 42 43 44 45 46 48 49 50 53 54
ply 42|0011200220002020001000000000002000002100210000100012002|4 3 0 0|1 3 0 0|3 1 0 0|2|0||1 2 6 7 10 11 12 14 17 18 20 21 22 23 24 25 26 27 28 29 30 32 33 34 35 36 39 40 43 44 45 48 49 50 53
ply 43|0011200220002020001000000000002000002100212000100012002|4 2 0 0|1 3 0 0|3 1 0 0|1|0||1 6 7 11 12 14 16 17 18 20 21 22 23 24 25 26 27 28 29 30 32 33 34 35 36 39 44 45 46 48 49 50 53 54
ply 53|0011200220002020001000000000002000002100212000100012102|3 2 0 0|1 3 0 0|3 1 0 0|2|0||1 2 6 7 10 11 12 14 17 18 20 21 22 23 24 25 26 27 28 29 30 32 33 34 35 36 39 40 44 45 48 49 50
ply 26|0011200220002020001000000200002000002100212000100012102|3 1 0 0|1 3 0 0|3 1 0 0|1|0||1 6 7 11 12 14 16 17 18 20 21 22 23 24 25 27 28 29 30 32 33 34 35 36 39 44 45 46 48 49 50
ply 28|0011200220002020001000000201002000002100212000100012102|2 1 0 0|1 3 0 0|3 1 0 0|2|0||1 2 6 7 10 11 12 14 17 18 20 21 22 23 24 25 27 29 30 32 33 34 35 36 39 40 44 45 48 49 50
ply 50|0011200220002020001000000201002000002100212000100212102|2 0 0 0|1 3 0 0|3 1 0 0|1|0||1 6 7 11 12 14 16 17 18 20 21 22 23 24 25 27 29 30 32 33 34 35 36 39 44 45 46 48 49
ply 25|0011200220002020001000001201002000002100212000100212102|1 0 0 0|1 3 0 0|3 1 0 0|2|0||144
ply 144|0011200220002020001000001201002000000100212000100000102|1 3 0 0|1 4 0 0|4 1 0 0|1|0||1 6 7 11 12 14 16 17 18 20 21 22 23 24 27 29 30 32 33 34 35 36 37 39 44 45 46 48 49 50 51 52
ply 14|0011200220002120001000001201002000000100212000100000102|0 3 0 0|1 4 0 0|4 1 0 0|0|2||
game 3
ply 0|0000000000000000000000000000000000000000000000000000000|14 14 14 0|0 0 0 0|0 0 0 0|1|0||1 2 3 4 5 6 7 8 9 10 11 12 13 14 15 16 17 18 19 20 21 22 23 24 25 26 27 28 29 30 31 32 33 34 35 36 37 38 39 40 41 42 43 44 45 46 47 48 49 50 51 52 53 54 55
ply 3|0010000000000000000000000000000000000000000000000000000|13 14 14 0|0 0 0 0|0 0 0 0|2|0||1 2 4 5 6 7 8 9 10 11 12 13 14 15 16 17 18 19 20 21 22 23 24 25 26 27 28 29 30 31 32 33 34 35 36 37 38 39 40 41 42 43 44 45 46 47 48 49 50 51 52 53 54 55
ply 45|0010000000000000000000000000000000000000000020000000000|13 13 14 0|0 0 0 0|0 0 0 0|3|0||1 2 4 5 6 7 8 9 10 11 12 13 14 15 16 17 18 19 20 21 22 23 24 25 26 27 28 29 30 31 32 33 34 35 36 37 38 39 40 41 42 43 44 46 47 48 49 50 51 52 53 54 55
ply 36|0010000000000000000000000000000000030000000020000000000|13 13 13 0|0 0 0 0|0 0 0 0|1|0||1 4 5 6 7 8 9 10 11 12 13 14 15 16 17 18 19 20 21 22 23 24 25 26 27 28 29 30 31 32 33 34 35 37 38 39 40 41 42 43 44 46 47 48 49 50 51 52 53 54 55
ply 27|0010000000000000000000000010000000030000000020000000000|12 13 13 0|0 0 0 0|0 0 0 0|2|0||1 2 4 5 6 7 8 9 10 11 12 13 14 15 16 17 18 19 20 21 22 23 24 25 26 28 29 30 31 32 33 34 35 37 38 39 40 41 42 43 44 46 47 48 49 50 51 52 53 54 55
ply 47|0010000000000000000000000010000000030000000020200000000|12 12 13 0|0 0 0 0|0 0 0 0|3|0||1 2 4 5 6 7 8 9 10 11 12 13 14 15 16 17 18 19 20 21 22 23 24 25 26 28 29 30 31 32 33 34 35 37 38 39 40 41 42 43 44 46 48 49 50 51 52 53 54 55
ply 44|0010000000000000000000000010000000030000000320200000000|12 12 12 0|0 0 0 0|0 0 0 0|1|0||1 4 5 6 7 8 9 10 11 12 13 14 15 16 17 18 19 20 21 22 23 24 25 26 28 29 30 31 32 33 34 35 37 38 39 40 41 42 43 46 48 49 50 51 52 53 54 55
ply 24|0010000000000000000000010010000000030000000320200000000|11 12 12 0|0 0 0 0|0 0 0 0|2|0||1 2 4 5 6 7 8 9 10 11 12 13 14 15 16 17 18 19 20 21 22 23 25 26 28 29 30 31 32 33 34 35 37 38 39 41 42 43 46 48 49 50 51 52 53 54 55
ply 32|0010000000000000000000010010000200030000000320200000000|11 11 12 0|0 0 0 0|0 0 0 0|3|0||1 2 4 5 6 7 8 9 10 11 12 13 14 15 16 17 18 19 20 21 22 23 25 26 28 29 30 31 33 34 35 37 38 39 40 41 42 43 46 48 49 50 51 52 53 54 55
ply 41|0010000000000000000000010010000200030000300320200000000|11 11 11 0|0 0 0 0|0 0 0 0|1|0||1 4 5 6 7 8 9 10 11 12 13 14 15 17 18 19 20 21 22 23 25 26 28 29 30 31 33 34 35 37 38 39 40 42 43 46 48 49 50 51 52 53 54 55
ply 35|0010000000000000000000010010000200130000300320200000000|10 11 11 0|0 0 0 0|0 0 0 0|2|0||1 2 4 5 6 7 8 9 10 11 12 13 14 15 16 17 18 19 20 21 22 23 25 26 28 29 30 31 33 34 37 38 39 42 43 46 48 49 50 51 52 53 54 55
ply 23|0010000000000000000000210010000200130000300320200000000|10 10 11 0|0 0 0 0|0 0 0 0|3|0||1 2 4 5 6 7 8 9 10 11 12 13 14 15 16 17 18 19 20 21 22 25 26 28 29 30 31 33 34 37 38 39 40 42 43 46 48 49 50 51 52 53 54 55
ply 52|0010000000000000000000210010000200130000300320200003000|10 10 10 0|0 0 0 0|0 0 0 0|1|0||1 4 5 6 7 8 9 10 11 12 13 14 15 17 18 19 20 21 22 25 26 28 29 30 31 33 34 37 38 39 40 42 43 46 48 49 50 51 53 54 55
ply 50|0010000000000000000000210010000200130000300320200103000|9 10 10 0|0 0 0 0|0 0 0 0|2|0||1 2 4 5 6 7 8 9 10 11 12 13 14 15 16 17 18 19 20 21 22 25 26 28 29 30 31 33 34 37 38 39 42 43 46 48 49 51 53 54 55
ply 4|0012000000000000000000210010000200130000300320200103000|9 9 10 0|0 0 0 0|0 0 0 0|3|0||1 2 5 6 7 8 9 10 11 12 13 14 15 16 17 18 19 20 21 22 25 26 28 29 30 31 33 34 37 38 39 40 42 43 48 49 51 53 54 55
ply 26|0012000000000000000000210310000200130000300320200103000|9 9 9 0|0 0 0 0|0 0 0 0|1|0||1 5 6 7 8 9 10 11 12 13 14 15 17 18 19 20 21 22 25 28 29 30 31 33 34 37 38 39 40 42 43 46 48 49 51 53 54 55
ply 46|0012000000000000000000210310000200130000300321200103000|8 9 9 0|0 0 0 0|0 0 0 0|2|0||1 2 5 6 7 8 9 11 12 13 14 15 16 17 18 19 20 21 22 25 28 29 30 31 33 34 37 38 39 42 43 48 49 51 53 54 55
ply 6|0012020000000000000000210310000200130000300321200103000|8 8 9 0|0 0 0 0|0 0 0 0|3|0||1 2 5 7 8 9 10 11 12 13 14 15 16 17 18 19 20 21 22 25 28 29 30 31 33 34 37 38 39 40 42 43 48 49 51 53 54 55
ply 18|0012020000000000030000210310000200130000300321200103000|8 8 8 0|0 0 0 0|0 0 0 0|1|0||1 5 7 8 9 10 11 12 13 14 15 17 19 20 21 22 25 28 29 30 31 33 34 37 38 40 42 43 48 49 51 53 54 55
ply 28|0012020000000000030000210311000200130000300321200103000|7 8 8 0|0 0 0 0|0 0 0 0|2|0||1 2 5 7 8 9 11 12 13 14 15 16 17 19 20 21 22 25 29 30 31 33 34 37 38 39 42 43 48 49 51 53 54 55
ply 16|0012020000000002030000210311000200130000300321200103000|7 7 8 0|0 0 0 0|0 0 0 0|3|0||1 2 5 7 8 9 10 11 12 13 14 15 17 19 20 21 22 25 29 30 31 33 34 37 38 39 40 42 43 48 49 51 53 54 55
ply 38|0012020000000002030000210311000200130300300321200103000|7 7 7 0|0 0 0 0|0 0 0 0|1|0||1 5 7 8 9 10 11 12 13 14 15 17 19 20 21 22 25 29 30 31 33 34 37 40 42 43 48 49 51 53 54 55
ply 55|0012020000000002030000210311000200130300300321200103001|6 7 7 0|0 0 0 0|0 0 0 0|2|0||1 2 5 7 8 11 12 13 14 15 17 19 20 21 22 25 29 30 31 33 34 37 39 42 43 48 49 51 53 54
ply 17|0012020000000002230000210311000200130300300321200103001|6 6 7 0|0 0 0 0|0 0 0 0|3|0||1 2 5 7 8 9 10 11 12 13 14 15 19 20 21 22 25 29 30 31 33 34 37 39 40 42 43 48 49 51 53 54
ply 40|0012020000000002230000210311000200130303300321200103001|6 6 6 0|0 0 0 0|0 0 0 0|1|0||1 5 7 8 9 10 11 12 13 14 15 19 20 21 22 25 29 30 31 33 34 37 42 43 48 49 51 53
ply 8|0012020100000002230000210311000200130303300321200103001|5 6 6 0|0 0 0 0|0 0 0 0|2|0||1 2 5 7 11 12 13 14 15 19 20 21 22 25 29 30 31 33 34 37 39 42 43 48 49 51 53 54
ply 25|0012020100000002230000212311000200130303300321200103001|5 5 6 0|0 0 0 0|0 0 0 0|3|0||1 2 5 7 9 10 11 12 13 14 15 19 20 21 22 29 30 31 33 34 37 39 42 43 48 49 51 53 54
ply 1|3012020100000002230000212311000200130303300321200103001|5 5 5 0|0 0 0 0|0 0 0 0|1|0||5 7 9 10 11 12 13 14 15 19 20 21 22 29 30 31 33 34 37 42 43 48 49 51 53
ply 20|3012020100000002230100212311000200130303300321200103001|4 5 5 0|0 0 0 0|0 0 0 0|2|0||2 5 7 11 12 13 14 15 19 21 22 29 30 31 33 34 37 39 42 43 48 49 51 53 54
ply 2|3212020100000002230100212311000200130303300321200103001|4 4 5 0|0 0 0 0|0 0 0 0|3|0||5 7 9 10 11 12 13 14 15 19 21 22 29 30 31 33 34 37 39 42 43 48 49 51 53 54
ply 49|3212020100000002230100212311000200130303300321203103001|4 4 4 0|0 0 0 0|0 0 0 0|1|0||5 7 9 10 11 12 13 14 15 19 21 22 29 30 31 33 34 37 42 43 48 51 53
ply 53|3212020100000002230100212311000200130303300321203103101|3 4 4 0|0 0 0 0|0 0 0 0|2|0||5 7 11 12 13 14 15 19 21 22 29 30 31 33 34 37 42 43 48 51
ply 7|3212022100000002230100212311000200130303300321203103101|3 3 4 0|0 0 0 0|0 0 0 0|3|0||5 9 10 11 12 13 14 15 19 21 22 29 30 31 33 34 37 39 42 43 48 51 54
ply 42|3212022100000002230100212311000200130303330321203103101|3 3 3 0|0 0 0 0|0 0 0 0|1|0||5 9 10 11 12 13 14 15 19 21 22 29 30 31 33 34 37 43 48 51
ply 33|3212022100000002230100212311000210130303330321203103101|2 3 3 0|0 0 0 0|0 0 0 0|2|0||5 11 12 13 14 15 19 21 22 29 30 31 34 37 43 48 51
ply 15|3212022100000022230100212311000210130303330321203103101|2 2 3 0|0 0 0 0|0 0 0 0|3|0||5 9 10 11 12 13 14 19 21 22 29 30 31 34 37 39 43 48 51 54 116
ply 43|3212022100000022230100212311000210130303333321203103101|2 2 2 0|0 0 0 0|0 0 0 0|1|0||5 9 10 11 12 13 14 19 21 22 29 30 31 34 37 48 51
ply 30|3212022100000022230100212311010210130303333321203103101|1 2 2 0|0 0 0 0|0 0 0 0|2|0||5 11 12 13 14 19 21 22 29 31 34 37 48 51
ply 14|3212022100000222230100212311010210130303333321203103101|1 1 2 0|0 0 0 0|0 0 0 0|3|0||5 9 10 11 12 13 19 21 22 29 31 34 37 39 48 51 54 116
ply 37|3212022100000222230100212311010210133303333321203103101|1 1 1 0|0 0 0 0|0 0 0 0|1|0||5 9 10 11 12 13 19 21 22 29 31 34 48 51 172
ply 172|3212022100000222230100212300000210000303330021203003101|6 1 1 0|4 0 0 0|0 0 4 0|2|0||5 11 12 13 19 21 22 27 28 29 30 31 34 35 36 37 43 44 48 50 51
ply 19|3212022100000222232100212300000210000303330021203003101|6 0 1 0|4 0 0 0|0 0 4 0|3|0||5 9 10 11 12 13 21 22 27 28 29 30 31 34 35 36 37 39 43 44 48 50 51 54 116
ply 116|3212022100000222232100212000000200000300000021203003101|6 0 5 0|4 0 1 0|1 0 4 0|1|0||5 9 10 11 12 13 21 22 26 27 28 29 30 31 33 34 35 36 37 40 41 42 43 44 48 50 51
ply 29|3212022100000222232100212000100200000300000021203003101|5 0 5 0|4 0 1 0|1 0 4 0|2|0||69
ply 69|3210022100000222000100212000100200000300000021203003101|5 3 5 0|4 1 1 0|1 0 5 0|3|0||4 5 9 10 11 12 13 17 18 19 21 22 26 27 28 30 31 33 34 35 36 37 39 40 41 42 43 44 48 50 51 54
ply 33|3210022100000222000100212000100230000300000021203003101|5 3 4 0|4 1 1 0|1 0 5 0|1|0||4 5 9 10 11 12 13 17 18 19 21 22 26 27 28 30 31 34 35 36 37 40 41 42 43 44 48 50 51
ply 48|3210022100000222000100212000100230000300000021213003101|4 3 4 0|4 1 1 0|1 0 5 0|2|0||4 5 10 11 12 13 17 18 19 21 22 26 27 28 30 31 34 35 36 37 39 41 42 43 44 50 51 54
ply 26|3210022100000222000100212200100230000300000021213003101|4 2 4 0|4 1 1 0|1 0 5 0|3|0||4 5 9 10 11 12 13 17 18 19 21 22 27 28 30 31 34 35 36 37 39 40 41 42 43 44 50 51 54
ply 12|3210022100030222000100212200100230000300000021213003101|4 2 3 0|4 1 1 0|1 0 5 0|1|0||4 5 9 10 11 13 17 18 19 21 22 27 28 30 31 34 35 36 37 40 41 42 43 44 50 51
ply 4|3211022100030222000100212200100230000300000021213003101|3 2 3 0|4 1 1 0|1 0 5 0|2|0||5 10 11 13 17 18 19 21 22 27 28 30 31 34 35 36 37 39 41 42 43 44 50 51 54
ply 28|3211022100030222000100212202100230000300000021213003101|3 1 3 0|4 1 1 0|1 0 5 0|3|0||5 9 10 11 13 17 18 19 21 22 27 30 31 34 35 36 37 39 40 41 42 43 44 50 51 54
ply 41|3211022100030222000100212202100230000300300021213003101|3 1 2 0|4 1 1 0|1 0 5 0|1|0||5 11 13 18 19 21 22 27 30 31 34 35 36 37 42 43 44 50 51
ply 21|3211022100030222000110212202100230000300300021213003101|2 1 2 0|4 1 1 0|1 0 5 0|2|0||5 10 11 13 17 18 19 22 27 30 31 34 35 36 37 39 42 43 44 50 51 54
ply 44|3211022100030222000110212202100230000300300221213003101|2 0 2 0|4 1 1 0|1 0 5 0|3|0||5 9 10 11 13 17 18 19 22 27 30 31 34 35 36 37 39 40 42 43 50 51 54
ply 13|3211022100033222000110212202100230000300300221213003101|2 0 1 0|4 1 1 0|1 0 5 0|1|0||5 11 18 19 22 27 30 31 34 35 36 37 42 43 50 51
ply 18|3211022100033222010110212202100230000300300221213003101|1 0 1 0|4 1 1 0|1 0 5 0|3|0|2|5 9 10 11 17 19 22 27 30 31 34 35 36 37 39 40 42 43 50 51 54
ply 30|3211022100033222010110212202130230000300300221213003101|1 0 0 0|4 1 1 0|1 0 5 0|0|1||
game 4
ply 0|0000000000000000000000000000000000000000000000000000000|14 14 14 14|0 0 0 0|0 0 0 0|1|0||1 2 3 4 5 6 7 8 9 10 11 12 13 14 15 16 17 18 19 20 21 22 23 24 25 26 27 28 29 30 31 32 33 34 35 36 37 38 39 40 41 42 43 44 45 46 47 48 49 50 51 52 53 54 55
ply 39|0000000000000000000000000000000000000010000000000000000|13 14 14 14|0 0 0 0|0 0 0 0|2|0||1 2 3 4 5 6 7 8 9 10 11 12 13 14 15 16 17 18 19 20 21 22 23 24 25 26 27 28 29 30 31 32 33 34 35 36 37 38 40 41 42 43 44 45 46 47 48 49 50 51 52 53 54 55
ply 17|0000000000000000200000000000000000000010000000000000000|13 13 14 14|0 0 0 0|0 0 0 0|3|0||1 2 3 4 5 6 7 8 9 10 11 12 13 14 15 16 18 19 20 21 22 23 24 25 26 27 28 29 30 31 32 33 34 35 36 37 38 40 41 42 43 44 45 46 47 48 49 50 51 52 53 54 55
ply 46|0000000000000000200000000000000000000010000003000000000|13 13 13 14|0 0 0 0|0 0 0 0|4|0||1 2 3 4 5 6 7 8 9 10 11 12 13 14 15 16 18 19 20 21 22 23 24 25 26 27 28 29 30 31 32 33 34 35 36 37 38 40 41 42 43 44 45 47 48 49 50 51 52 53 54 55
ply 2|0400000000000000200000000000000000000010000003000000000|13 13 13 13|0 0 0 0|0 0 0 0|1|0||1 3 4 5 6 7 8 9 10 11 12 13 14 15 16 18 19 20 21 22 23 24 25 26 27 28 29 30 31 32 33 34 35 36 37 38 40 41 42 43 44 45 47 48 49 50 51 52 53 54 55
ply 55|0400000000000000200000000000000000000010000003000000001|12 13 13 13|0 0 0 0|0 0 0 0|2|0||1 3 4 5 6 7 8 9 11 12 13 14 15 16 18 19 20 21 22 23 24 25 26 27 28 29 30 31 32 33 34 35 36 37 38 40 41 42 43 44 45 47 48 49 50 51 52 53 54
ply 4|0402000000000000200000000000000000000010000003000000001|12 12 13 13|0 0 0 0|0 0 0 0|3|0||1 3 5 6 7 8 9 10 11 12 13 14 15 16 18 19 20 21 22 23 24 25 26 27 28 29 30 31 32 33 34 35 36 37 38 40 41 42 43 44 45 47 48 49 50 51 53 54
ply 45|0402000000000000200000000000000000000010000033000000001|12 12 12 13|0 0 0 0|0 0 0 0|4|0||5 6 7 8 9 10 11 12 13 14 15 16 18 19 20 21 22 23 24 25 26 27 28 29 30 31 32 33 34 35 36 37 38 40 41 42 43 44 47 48 49 50 51 52 53 54
ply 5|0402400000000000200000000000000000000010000033000000001|12 12 12 12|0 0 0 0|0 0 0 0|1|0||1 3 6 7 8 9 10 11 12 13 14 15 16 18 19 20 21 22 23 24 25 26 27 28 29 30 31 32 33 34 35 36 37 38 40 41 42 43 44 47 48 49 50 51 52 53
ply 24|0402400000000000200000010000000000000010000033000000001|11 12 12 12|0 0 0 0|0 0 0 0|2|0||1 3 6 7 8 9 11 12 13 14 15 16 18 19 20 21 22 23 25 26 27 28 29 30 31 32 33 34 35 36 37 38 40 41 42 43 44 47 48 49 50 51 52 53 54
ply 19|0402400000000000202000010000000000000010000033000000001|11 11 12 12|0 0 0 0|0 0 0 0|3|0||1 3 6 7 8 9 10 11 12 13 14 15 16 18 20 21 22 23 25 26 27 28 29 30 31 32 33 34 35 36 37 38 40 41 42 43 44 47 48 49 50 51 53 54
ply 54|0402400000000000202000010000000000000010000033000000031|11 11 11 12|0 0 0 0|0 0 0 0|4|0||6 7 8 9 10 11 12 13 14 15 16 18 20 21 22 23 25 26 27 28 29 30 31 32 33 34 35 36 37 38 40 41 42 43 44 47 48 49 50 51 52 53
ply 36|0402400000000000202000010000000000040010000033000000031|11 11 11 11|0 0 0 0|0 0 0 0|1|0||1 3 6 7 8 9 10 11 12 13 14 15 18 20 21 22 23 25 26 27 28 29 30 31 32 33 34 35 37 38 40 41 42 43 44 47 48 49 50 51 52 53
ply 52|0402400000000000202000010000000000040010000033000001031|10 11 11 11|0 0 0 0|0 0 0 0|2|0||1 3 6 7 8 9 11 12 13 14 15 16 18 20 21 22 23 25 26 27 28 29 30 31 32 33 34 35 37 38 40 41 42 43 44 47 48 49 50 51 53
ply 23|0402400000000000202000210000000000040010000033000001031|10 10 11 11|0 0 0 0|0 0 0 0|3|0||1 3 6 7 8 9 10 11 12 13 14 15 16 18 20 21 22 25 26 27 28 29 30 31 32 33 34 35 37 38 40 41 42 43 44 47 48 49 50 51
ply 28|0402400000000000202000210003000000040010000033000001031|10 10 10 11|0 0 0 0|0 0 0 0|4|0||6 7 8 9 10 11 12 13 14 15 16 18 20 21 22 25 26 27 29 30 31 32 33 34 35 37 38 40 41 42 43 44 47 48 49 50 51 53
ply 30|0402400000000000202000210003040000040010000033000001031|10 10 10 10|0 0 0 0|0 0 0 0|1|0||1 3 6 7 8 9 10 11 12 13 14 15 18 20 21 22 25 26 27 29 31 32 33 34 35 37 38 40 41 42 43 44 47 48 49 50 51 53
ply 41|0402400000000000202000210003040000040010100033000001031|9 10 10 10|0 0 0 0|0 0 0 0|2|0||1 3 6 7 8 9 11 12 13 14 15 16 18 20 21 22 25 26 27 29 31 32 33 34 35 37 38 40 42 43 44 47 48 49 50 51 53
ply 27|0402400000000000202000210023040000040010100033000001031|9 9 10 10|0 0 0 0|0 0 0 0|3|0||1 3 6 7 8 9 10 11 12 13 14 15 16 18 20 21 22 25 26 29 31 32 33 34 35 37 38 40 42 43 44 47 48 49 50 51
ply 48|0402400000000000202000210023040000040010100033030001031|9 9 9 10|0 0 0 0|0 0 0 0|4|0||6 7 8 9 10 11 12 13 14 15 16 18 20 21 22 25 26 29 31 32 33 34 35 37 38 40 42 43 44 47 49 50 51 53
ply 12|0402400000040000202000210023040000040010100033030001031|9 9 9 9|0 0 0 0|0 0 0 0|1|0||1 3 6 7 8 9 10 11 13 14 15 18 20 21 22 25 26 29 31 32 33 34 35 37 38 40 42 43 44 47 49 50 51 53
ply 26|0402400000040000202000210123040000040010100033030001031|8 9 9 9|0 0 0 0|0 0 0 0|2|0||1 3 6 7 8 9 11 13 14 15 16 18 20 21 22 25 29 31 32 33 34 35 37 38 40 42 43 44 47 49 50 51 53
ply 14|0402400000040200202000210123040000040010100033030001031|8 8 9 9|0 0 0 0|0 0 0 0|3|0||1 3 6 7 8 9 10 11 13 15 16 18 20 21 22 25 29 31 32 33 34 35 37 38 40 42 43 44 47 49 50 51
ply 44|0402400000040200202000210123040000040010100333030001031|8 8 8 9|0 0 0 0|0 0 0 0|4|0||6 7 8 9 10 11 13 15 16 18 20 21 22 25 29 31 32 33 34 35 37 38 40 42 43 47 49 50 51 53
ply 10|0402400004040200202000210123040000040010100333030001031|8 8 8 8|0 0 0 0|0 0 0 0|1|0||1 3 6 7 8 9 11 13 15 18 20 21 22 25 29 31 32 33 34 35 37 38 40 42 43 47 49 50 51 53
ply 38|0402400004040200202000210123040000040110100333030001031|7 8 8 8|0 0 0 0|0 0 0 0|2|0||1 3 6 7 8 9 11 13 15 16 18 20 21 22 25 29 31 32 33 34 35 37 40 42 43 47 49 50 51 53 69
ply 69|0400400000040200000000210123040000040110100333030001031|7 11 8 8|0 1 0 0|0 0 0 1|3|0||1 3 4 6 7 8 9 10 11 13 15 16 17 18 19 20 21 22 25 29 31 32 33 34 35 37 40 42 43 47 49 50 51
ply 13|0400400000043200000000210123040000040110100333030001031|7 11 7 8|0 1 0 0|0 0 0 1|4|0||4 6 7 8 9 10 11 15 16 17 18 19 20 21 22 25 29 31 32 33 34 35 37 40 42 43 47 49 50 51 53
ply 40|0400400000043200000000210123040000040114100333030001031|7 11 7 7|0 1 0 0|0 0 0 1|1|0||1 3 4 6 7 8 9 10 11 15 17 18 19 20 21 22 25 29 31 32 33 34 35 37 42 43 47 49 50 51 53
ply 31|0400400000043200000000210123041000040114100333030001031|6 11 7 7|0 1 0 0|0 0 0 1|2|0||1 3 4 6 7 8 9 10 11 15 16 17 18 19 20 21 22 25 29 32 33 34 35 37 42 43 47 49 50 51 53
ply 25|0400400000043200000000212123041000040114100333030001031|6 10 7 7|0 1 0 0|0 0 0 1|3|0||1 3 4 6 7 8 9 10 11 15 16 17 18 19 20 21 22 29 32 33 34 35 37 42 43 47 49 50 51
ply 47|0400400000043200000000212123041000040114100333330001031|6 10 6 7|0 1 0 0|0 0 0 1|4|0||4 6 7 8 9 10 11 15 16 17 18 19 20 21 22 29 33 34 35 37 42 43 49 50 51 53
ply 7|0400404000043200000000212123041000040114100333330001031|6 10 6 6|0 1 0 0|0 0 0 1|1|0||1 3 4 6 8 9 10 11 15 17 18 19 20 21 22 29 32 33 34 35 37 42 43 49 50 51 53
ply 11|0400404000143200000000212123041000040114100333330001031|5 10 6 6|0 1 0 0|0 0 0 1|2|0||1 3 4 6 8 9 10 15 16 17 18 19 20 21 22 29 32 33 34 35 37 42 43 49 50 51 53
ply 18|0400404000143200020000212123041000040114100333330001031|5 9 6 6|0 1 0 0|0 0 0 1|3|0||1 3 4 6 8 9 10 15 16 17 19 20 21 22 29 32 33 34 35 37 42 43 49 50 51
ply 49|0400404000143200020000212123041000040114100333333001031|5 9 5 6|0 1 0 0|0 0 0 1|4|0||4 6 8 9 10 15 16 17 19 20 21 22 29 33 34 35 37 42 43 50 51 53
ply 6|0400444000143200020000212123041000040114100333333001031|5 9 5 5|0 1 0 0|0 0 0 1|1|0||1 3 4 8 9 10 15 17 19 20 21 22 29 32 33 34 35 37 42 43 50 51 53
ply 21|0400444000143200020010212123041000040114100333333001031|4 9 5 5|0 1 0 0|0 0 0 1|2|0||1 3 4 8 9 10 15 16 17 19 20 22 29 32 33 34 35 37 42 43 50 51 53
ply 20|0400444000143200020210212123041000040114100333333001031|4 8 5 5|0 1 0 0|0 0 0 1|3|0||1 3 4 8 9 10 15 16 17 19 22 29 32 33 34 35 37 42 43 50 51
ply 1|3400444000143200020210212123041000040114100333333001031|4 8 4 5|0 1 0 0|0 0 0 1|4|0||4 8 9 10 15 16 17 19 22 29 33 34 35 37 42 43 50 51 53
ply 22|3400444000143200020214212123041000040114100333333001031|4 8 4 4|0 1 0 0|0 0 0 1|1|0||3 4 8 9 10 15 17 19 29 32 33 34 35 37 42 43 50 51 53
ply 35|3400444000143200020214212123041000140114100333333001031|3 8 4 4|0 1 0 0|0 0 0 1|2|0||3 4 8 9 10 15 16 17 19 29 32 33 34 37 42 43 50 51 53
ply 19|3400444000143200022214212123041000140114100333333001031|3 7 4 4|0 1 0 0|0 0 0 1|3|0||3 4 8 9 10 15 16 17 29 32 33 34 37 42 43 50 51
ply 15|3400444000143230022214212123041000140114100333333001031|3 7 3 4|0 1 0 0|0 0 0 1|4|0||4 8 9 10 16 17 29 33 34 37 42 43 50 51 53
ply 34|3400444000143230022214212123041004140114100333333001031|3 7 3 3|0 1 0 0|0 0 0 1|1|0||3 4 8 9 10 17 29 32 33 37 42 43 50 51 53 189
ply 189|3400444000143230022214212123041004000014100003333001030|6 7 3 3|3 1 0 0|0 0 2 2|2|0||3 4 8 9 10 16 17 29 32 33 35 36 37 38 42 43 44 45 50 51 53 55
ply 17|3400444000143230222214212123041004000014100003333001030|6 6 3 3|3 1 0 0|0 0 2 2|3|0||3 4 8 9 10 16 29 32 33 35 36 37 38 42 43 44 45 50 51
ply 50|3400444000143230222214212123041004000014100003333301030|6 6 2 3|3 1 0 0|0 0 2 2|4|0||4 8 9 10 16 29 33 35 36 37 38 42 43 44 45 51 53 55
ply 29|3400444000143230222214212123441004000014100003333301030|6 6 2 2|3 1 0 0|0 0 2 2|1|0||3 4 8 9 10 32 33 35 36 37 38 42 43 44 45 51 53 55
ply 43|3400444000143230222214212123441004000014101003333301030|5 6 2 2|3 1 0 0|0 0 2 2|2|0||3 4 8 9 16 32 33 35 36 37 38 42 44 45 51 53 55
ply 32|3400444000143230222214212123441204000014101003333301030|5 5 2 2|3 1 0 0|0 0 2 2|3|0||3 4 8 9 10 16 33 35 36 37 38 42 44 45 51
ply 44|3400444000143230222214212123441204000014101303333301030|5 5 1 2|3 1 0 0|0 0 2 2|4|0||4 8 9 10 16 33 35 36 37 38 42 45 51 53 55
ply 37|3400444000143230222214212123441204004014101303333301030|5 5 1 1|3 1 0 0|0 0 2 2|1|0||3 4 8 9 10 33 35 36 38 42 45 51 53 55
ply 53|3400444000143230222214212123441204004014101303333301130|4 5 1 1|3 1 0 0|0 0 2 2|2|0||3 4 8 9 16 33 35 36 38 42 45 51 55
ply 38|3400444000143230222214212123441204004214101303333301130|4 4 1 1|3 1 0 0|0 0 2 2|3|0||3 4 8 9 10 16 33 35 36 42 45 51
ply 33|3400444000143230222214212123441234004214101303333301130|4 4 0 1|3 1 0 0|0 0 2 2|4|0||4 8 9 10 16 35 36 42 45 51 55
ply 35|3400444000143230222214212123441234404214101303333301130|4 4 0 0|3 1 0 0|0 0 2 2|1|0||3 4 8 9 10 36 42 45 51 55 179
ply 3|3410444000143230222214212123441234404214101303333301130|3 4 0 0|3 1 0 0|0 0 2 2|2|0||4 8 9 16 36 42 45 51 55
ply 42|3410444000143230222214212123441234404214121303333301130|3 3 0 0|3 1 0 0|0 0 2 2|1|0|3 4|4 8 9 10 36 45 51 55 179
ply 45|3410444000143230222214212123441234404214121313333301130|2 3 0 0|3 1 0 0|0 0 2 2|2|0||4 8 9 16 36 51 55
ply 51|3410444000143230222214212123441234404214121313333321130|2 2 0 0|3 1 0 0|0 0 2 2|1|0|3 4|4 8 9 10 36 55 162 179
ply 36|3410444000143230222214212123441234414214121313333321130|1 2 0 0|3 1 0 0|0 0 2 2|2|0||4 8 9 16 55
ply 9|3410444020143230222214212123441234414214121313333321130|1 1 0 0|3 1 0 0|0 0 2 2|1|0|3 4|4 8 10 55 162 179
ply 179|3410444020143230222214212123441234414214000313300321030|4 1 0 0|6 1 0 0|0 1 4 2|2|0||4 8 41 42 43 48 49 53 55
ply 53|3410444020143230222214212123441234414214000313300321230|4 0 0 0|6 1 0 0|0 1 4 2|0|1||
game 2
ply 0|0000000000000000000000000000000000000000000000000000000|14 14 0 0|0 0 0 0|0 0 0 0|1|0||1 2 3 4 5 6 7 8 9 10 11 12 13 14 15 16 17 18 19 20 21 22 23 24 25 26 27 28 29 30 31 32 33 34 35 36 37 38 39 40 41 42 43 44 45 46 47 48 49 50 51 52 53 54 55
ply 10|0000000001000000000000000000000000000000000000000000000|13 14 0 0|0 0 0 0|0 0 0 0|2|0||1 2 3 4 5 6 7 8 9 11 12 13 14 15 16 17 18 19 20 21 22 23 24 25 26 27 28 29 30 31 32 33 34 35 36 37 38 39 40 41 42 43 44 45 46 47 48 49 50 51 52 53 54 55
ply 19|0000000001000000002000000000000000000000000000000000000|13 13 0 0|0 0 0 0|0 0 0 0|1|0||1 2 3 5 6 7 8 9 11 12 13 14 15 16 18 20 21 22 23 24 25 26 27 28 29 30 31 32 33 34 35 36 37 38 39 40 41 42 43 44 45 46 47 48 49 50 51 52 53 54 55
ply 24|0000000001000000002000010000000000000000000000000000000|12 13 0 0|0 0 0 0|0 0 0 0|2|0||1 2 3 4 5 6 7 8 9 11 12 13 14 15 16 17 18 20 21 22 23 25 26 27 28 29 30 31 32 33 34 35 36 37 38 39 40 41 42 43 44 45 46 47 48 49 50 51 52 53 54 55
ply 41|0000000001000000002000010000000000000000200000000000000|12 12 0 0|0 0 0 0|0 0 0 0|1|0||1 2 3 5 6 7 8 9 11 12 13 14 15 18 20 21 22 23 25 26 27 28 29 30 31 32 33 34 35 36 37 38 39 40 42 43 44 45 46 47 48 49 50 51 52 53 54 55
ply 44|0000000001000000002000010000000000000000200100000000000|11 12 0 0|0 0 0 0|0 0 0 0|2|0||1 2 3 4 5 6 7 8 9 11 12 13 14 15 16 17 18 20 21 22 23 25 26 27 28 29 30 31 32 33 34 35 36 37 38 39 40 42 43 45 46 47 48 49 50 51 52 53 54 55
ply 45|0000000001000000002000010000000000000000200120000000000|11 11 0 0|0 0 0 0|0 0 0 0|1|0||1 2 3 5 6 7 8 9 11 12 13 14 15 18 20 21 22 23 25 26 27 28 29 30 31 32 33 34 35 36 37 38 39 40 42 43 46 47 48 49 50 51 52 53 54 55
ply 27|0000000001000000002000010010000000000000200120000000000|10 11 0 0|0 0 0 0|0 0 0 0|2|0||1 2 3 4 5 6 7 8 9 11 12 13 14 15 16 17 18 20 21 22 23 25 26 28 29 30 31 32 33 34 35 36 37 38 39 40 42 43 46 47 48 49 50 51 52 53 54 55
ply 34|0000000001000000002000010010000002000000200120000000000|10 10 0 0|0 0 0 0|0 0 0 0|1|0||1 2 3 5 6 7 8 9 11 12 13 14 15 18 20 21 22 23 25 26 28 29 30 31 32 33 35 36 37 38 39 40 42 43 46 47 48 49 50 51 52 53 54 55
ply 33|0000000001000000002000010010000012000000200120000000000|9 10 0 0|0 0 0 0|0 0 0 0|2|0||1 2 3 4 5 6 7 8 9 11 12 13 14 15 16 17 18 20 21 22 23 25 26 28 29 30 31 32 35 36 37 38 39 40 42 43 46 47 48 49 50 51 52 53 54 55
ply 43|0000000001000000002000010010000012000000202120000000000|9 9 0 0|0 0 0 0|0 0 0 0|1|0||1 2 3 5 6 7 8 9 11 12 13 14 15 18 20 21 22 23 25 26 28 29 30 31 32 35 36 37 38 39 40 42 46 47 48 49 50 51 52 53 54 55
ply 7|0000001001000000002000010010000012000000202120000000000|8 9 0 0|0 0 0 0|0 0 0 0|2|0||1 2 3 4 5 6 8 9 11 12 13 14 15 16 17 18 20 21 22 23 25 26 28 29 30 31 32 35 36 37 38 39 40 42 46 47 48 49 50 51 52 53 54 55
ply 16|0000001001000002002000010010000012000000202120000000000|8 8 0 0|0 0 0 0|0 0 0 0|1|0||1 2 3 5 6 8 9 11 12 13 14 15 18 20 21 22 23 25 26 28 29 30 31 32 35 36 37 38 39 40 42 46 47 48 49 50 51 52 53 54 55
ply 40|0000001001000002002000010010000012000001202120000000000|7 8 0 0|0 0 0 0|0 0 0 0|2|0||1 2 3 4 5 6 8 11 12 13 14 15 17 18 20 21 22 23 25 26 28 29 30 31 32 35 36 37 38 39 42 46 47 48 49 50 51 52 53 54 55
ply 12|0000001001020002002000010010000012000001202120000000000|7 7 0 0|0 0 0 0|0 0 0 0|1|0||1 2 3 5 6 8 9 11 13 14 15 18 20 21 22 23 25 26 28 29 30 31 35 36 37 38 39 42 46 48 49 50 51 52 53 54 55
ply 15|0000001001020012002000010010000012000001202120000000000|6 7 0 0|0 0 0 0|0 0 0 0|2|0||1 2 3 4 5 6 8 11 13 14 17 18 20 21 22 23 25 26 28 29 30 31 32 35 36 37 38 39 42 46 47 48 49 50 51 52 53 54 55
ply 55|0000001001020012002000010010000012000001202120000000002|6 6 0 0|0 0 0 0|0 0 0 0|1|0||1 2 3 5 6 8 9 11 13 14 18 20 21 22 23 25 26 28 29 30 31 35 36 37 38 39 42 46 48 49 50 51 52 53 54
ply 9|0000001011020012002000010010000012000001202120000000002|5 6 0 0|0 0 0 0|0 0 0 0|2|0||1 2 3 4 5 6 8 11 13 14 17 18 20 21 22 23 25 26 28 29 30 31 32 35 36 37 38 39 42 46 47 48 49 50 51 52 53 188
ply 6|0000021011020012002000010010000012000001202120000000002|5 5 0 0|0 0 0 0|0 0 0 0|1|0||1 2 3 5 8 11 13 14 18 20 21 22 23 25 26 28 29 30 31 35 36 37 38 39 42 46 48 49 50 51 52 53 54
ply 31|0000021011020012002000010010001012000001202120000000002|4 5 0 0|0 0 0 0|0 0 0 0|2|0||1 2 3 4 5 8 11 13 14 17 18 20 21 22 23 25 26 28 29 30 32 35 36 37 38 39 42 46 47 48 49 50 51 52 53 188
ply 188|0000021011020012002000010010001012000001200000000000000|4 8 0 0|0 1 0 0|1 0 0 0|1|0||1 2 3 5 8 11 13 14 18 20 21 22 23 25 26 28 29 30 35 36 37 38 39 42 43 44 45 46 48 49 50 51 52 53 54 55
ply 38|0000021011020012002000010010001012000101200000000000000|3 8 0 0|0 1 0 0|1 0 0 0|2|0||1 2 3 4 5 8 11 13 14 17 18 20 21 22 23 25 26 28 29 30 32 35 36 37 39 42 43 44 45 46 47 48 49 50 51 52 53 54 55
ply 52|0000021011020012002000010010001012000101200000000002000|3 7 0 0|0 1 0 0|1 0 0 0|1|0||1 2 3 5 8 11 13 14 18 20 21 22 23 25 26 28 29 30 35 36 37 39 42 43 44 45 46 48 49 50 51 53 54 55
ply 53|0000021011020012002000010010001012000101200000000002100|2 7 0 0|0 1 0 0|1 0 0 0|2|0||1 2 3 4 5 8 11 13 14 17 18 20 21 22 23 25 26 28 29 30 32 35 36 37 39 42 43 44 45 47 48 49 50 51 54 55
ply 4|0002021011020012002000010010001012000101200000000002100|2 6 0 0|0 1 0 0|1 0 0 0|1|0||1 2 3 5 8 11 13 14 18 20 21 22 23 25 26 28 29 30 35 36 37 39 42 43 44 45 46 48 49 50 51 55
ply 11|0002021011120012002000010010001012000101200000000002100|1 6 0 0|0 1 0 0|1 0 0 0|2|0||1 2 3 5 8 13 14 17 18 20 21 22 23 25 26 28 29 30 32 35 36 37 39 42 43 44 45 47 48 49 50 51 54 55 103
ply 103|0000001011000012000000010010001012000101200000000002100|1 10 0 0|0 2 0 0|2 0 0 0|1|0||1 2 3 5 6 8 11 12 13 14 18 19 20 21 22 23 25 26 28 29 30 35 36 37 39 42 43 44 45 46 48 49 50 51 55
ply 39|0000001011000012000000010010001012000111200000000002100|0 10 0 0|0 2 0 0|2 0 0 0|0|2||
game 2
ply 0|0000000000000000000000000000000000000000000000000000000|14 14 0 0|0 0 0 0|0 0 0 0|1|0||1 2 3 4 5 6 7 8 9 10 11 12 13 14 15 16 17 18 19 20 21 22 23 24 25 26 27 28 29 30 31 32 33 34 35 36 37 38 39 40 41 42 43 44 45 46 47 48 49 50 51 52 53 54 55
ply 33|0000000000000000000000000000000010000000000000000000000|13 14 0 0|0 0 0 0|0 0 0 0|2|0||1 2 3 4 5 6 7 8 9 10 11 12 13 14 15 16 17 18 19 20 21 22 23 24 25 26 27 28 29 30 31 32 34 35 36 37 38 39 40 41 42 43 44 45 46 47 48 49 50 51 52 53 54 55
ply 10|0000000002000000000000000000000010000000000000000000000|13 13 0 0|0 0 0 0|0 0 0 0|1|0||1 2 3 4 5 6 7 8 9 11 12 13 14 15 16 17 18 19 20 21 22 23 24 25 26 27 28 29 30 31 32 34 35 36 37 38 39 40 41 42 43 44 45 46 47 48 49 50 51 52 53 54 55
ply 55|0000000002000000000000000000000010000000000000000000001|12 13 0 0|0 0 0 0|0 0 0 0|2|0||1 2 3 5 6 7 8 9 11 12 13 14 15 16 18 19 20 21 22 23 24 25 26 27 28 29 30 31 32 34 35 36 37 38 39 40 41 42 43 44 45 46 47 48 49 50 51 52 53 54
ply 38|0000000002000000000000000000000010000200000000000000001|12 12 0 0|0 0 0 0|0 0 0 0|1|0||1 2 3 4 5 6 7 8 9 11 12 13 14 15 16 17 18 19 20 21 22 23 24 25 26 27 28 29 30 31 32 34 35 36 37 39 40 41 42 43 44 45 46 47 48 49 50 51 52 53
ply 13|0000000002001000000000000000000010000200000000000000001|11 12 0 0|0 0 0 0|0 0 0 0|2|0||1 2 3 5 6 7 8 9 11 12 14 15 16 18 19 20 21 22 23 24 25 26 27 28 29 30 31 32 34 35 36 37 39 40 41 42 43 44 45 46 47 48 49 50 51 52 53 54
ply 22|0000000002001000000002000000000010000200000000000000001|11 11 0 0|0 0 0 0|0 0 0 0|1|0||1 2 3 4 5 6 7 8 9 11 12 14 15 16 17 18 19 20 21 23 24 25 26 27 28 29 30 31 32 34 35 36 37 39 40 41 42 43 44 45 46 47 48 49 50 51 52 53
ply 36|0000000002001000000002000000000010010200000000000000001|10 11 0 0|0 0 0 0|0 0 0 0|2|0||1 2 3 5 6 7 8 9 11 12 14 15 16 18 19 20 21 23 24 25 26 27 28 29 30 31 32 34 35 37 39 40 41 42 43 44 45 46 47 48 49 50 51 52 53 54
ply 20|0000000002001000000202000000000010010200000000000000001|10 10 0 0|0 0 0 0|0 0 0 0|1|0||1 2 3 4 5 6 7 8 9 11 12 14 15 16 17 18 19 21 23 24 25 26 27 28 29 30 31 32 34 35 37 39 40 41 42 43 44 45 46 47 48 49 50 51 52 53
ply 34|0000000002001000000202000000000011010200000000000000001|9 10 0 0|0 0 0 0|0 0 0 0|2|0||1 2 3 5 6 7 8 9 11 12 14 15 16 18 19 21 23 24 25 26 27 28 29 30 31 32 35 37 39 40 41 42 43 44 45 46 47 48 49 50 51 52 53 54
ply 52|0000000002001000000202000000000011010200000000000002001|9 9 0 0|0 0 0 0|0 0 0 0|1|0||1 2 3 4 5 6 7 8 9 11 12 14 15 16 17 18 19 21 23 24 25 26 27 28 29 30 31 32 35 37 39 40 41 42 43 44 45 46 47 48 49 50 51 53
ply 19|0000000002001000001202000000000011010200000000000002001|8 9 0 0|0 0 0 0|0 0 0 0|2|0||1 2 3 5 6 7 8 9 11 12 14 15 16 18 21 23 24 25 26 27 28 29 30 31 32 35 37 39 40 41 42 43 44 45 47 48 49 50 51 53 54
ply 11|0000000002201000001202000000000011010200000000000002001|8 8 0 0|0 0 0 0|0 0 0 0|1|0||1 2 3 4 5 6 7 8 9 12 14 15 16 17 18 21 23 24 25 26 27 28 29 30 31 32 35 37 39 40 41 42 43 44 45 46 47 48 49 50 51 53
ply 16|0000000002201001001202000000000011010200000000000002001|7 8 0 0|0 0 0 0|0 0 0 0|2|0||1 2 3 5 6 7 8 9 12 14 15 18 21 23 24 25 26 27 28 29 30 31 32 35 37 39 40 41 42 43 44 45 47 48 49 50 51 53 54
ply 29|0000000002201001001202000000200011010200000000000002001|7 7 0 0|0 0 0 0|0 0 0 0|1|0||1 2 3 4 5 6 7 8 12 14 15 17 18 21 23 25 26 27 28 30 31 32 35 37 39 40 41 42 43 44 45 46 47 48 49 50 51 53
ply 32|0000000002201001001202000000200111010200000000000002001|6 7 0 0|0 0 0 0|0 0 0 0|2|0||1 2 3 5 6 7 8 9 12 14 15 18 21 23 24 25 26 27 28 30 31 35 37 39 40 41 42 43 44 45 47 48 49 50 51 53 54
ply 1|2000000002201001001202000000200111010200000000000002001|6 6 0 0|0 0 0 0|0 0 0 0|1|0||2 3 4 5 6 7 8 12 14 15 17 18 21 23 25 26 27 28 30 31 35 37 39 41 42 43 44 45 46 47 48 49 50 51 53
ply 39|2000000002201001001202000000200111010210000000000002001|5 6 0 0|0 0 0 0|0 0 0 0|2|0||3 5 6 7 8 9 12 14 15 18 21 23 24 25 26 27 28 30 31 35 37 40 41 42 43 44 45 47 48 49 50 51 53 54
ply 9|2000000022201001001202000000200111010210000000000002001|5 5 0 0|0 0 0 0|0 0 0 0|1|0||2 3 4 5 6 7 8 12 14 15 17 18 21 23 25 26 27 28 30 31 35 37 41 42 43 44 45 47 48 49 50 51 53
ply 35|2000000022201001001202000000200111110210000000000002001|4 5 0 0|0 0 0 0|0 0 0 0|2|0||3 5 6 7 8 12 14 15 18 21 23 24 25 26 27 28 30 31 37 40 41 42 43 44 45 47 48 49 50 51 53 54
ply 50|2000000022201001001202000000200111110210000000000202001|4 4 0 0|0 0 0 0|0 0 0 0|1|0||2 3 4 5 6 7 8 12 14 15 17 18 21 23 25 26 27 28 30 31 37 41 42 43 44 45 47 48 49 51 53
ply 7|2000001022201001001202000000200111110210000000000202001|3 4 0 0|0 0 0 0|0 0 0 0|2|0||3 5 6 8 12 14 15 18 21 23 24 25 26 27 28 30 31 37 40 41 42 43 44 45 47 48 49 51 53 54
ply 45|2000001022201001001202000000200111110210000020000202001|3 3 0 0|0 0 0 0|0 0 0 0|1|0||2 3 4 5 6 8 12 14 15 17 18 21 23 25 26 27 28 30 31 37 41 42 43 44 47 48 49 51 53
ply 2|2100001022201001001202000000200111110210000020000202001|2 3 0 0|0 0 0 0|0 0 0 0|2|0||3 5 6 8 12 14 15 18 21 23 24 25 26 27 28 30 31 37 40 41 42 43 44 47 48 49 51 53 54
ply 31|2100001022201001001202000000202111110210000020000202001|2 2 0 0|0 0 0 0|0 0 0 0|1|0||4 5 6 8 12 14 15 17 18 21 23 25 26 27 28 30 37 41 42 43 44 47 48 49 51 53
ply 41|2100001022201001001202000000202111110210100020000202001|1 2 0 0|0 0 0 0|0 0 0 0|2|0||3 5 6 8 12 14 15 18 21 23 24 25 26 27 28 30 37 40 42 43 44 47 48 49 51 53 54
ply 15|2100001022201021001202000000202111110210100020000202001|1 1 0 0|0 0 0 0|0 0 0 0|1|0||4 5 6 8 12 14 17 18 21 23 25 26 27 28 30 37 42 43 44 47 48 49 51 53
ply 44|2100001022201021001202000000202111110210100120000202001|0 1 0 0|0 0 0 0|0 0 0 0|0|2||
game 3
ply 0|0000000000000000000000000000000000000000000000000000000|14 14 14 0|0 0 0 0|0 0 0 0|1|0||1 2 3 4 5 6 7 8 9 10 11 12 13 14 15 16 17 18 19 20 21 22 23 24 25 26 27 28 29 30 31 32 33 34 35 36 37 38 39 40 41 42 43 44 45 46 47 48 49 50 51 52 53 54 55
ply 31|0000000000000000000000000000001000000000000000000000000|13 14 14 0|0 0 0 0|0 0 0 0|2|0||1 2 3 4 5 6 7 8 9 10 11 12 13 14 15 16 17 18 19 20 21 22 23 24 25 26 27 28 29 30 32 33 34 35 36 37 38 39 40 41 42 43 44 45 46 47 48 49 50 51 52 53 54 55
ply 23|0000000000000000000000200000001000000000000000000000000|13 13 14 0|0 0 0 0|0 0 0 0|3|0||1 2 3 4 5 6 7 8 9 10 11 12 13 14 15 16 17 18 19 20 21 22 24 25 26 27 28 29 30 32 33 34 35 36 37 38 39 40 41 42 43 44 45 46 47 48 49 50 51 52 53 54 55
ply 1|3000000000000000000000200000001000000000000000000000000|13 13 13 0|0 0 0 0|0 0 0 0|1|0||2 3 4 5 6 7 8 9 10 11 12 13 14 15 16 17 18 19 20 21 22 24 25 26 27 28 29 30 32 33 34 35 36 37 38 39 40 41 42 43 44 45 46 47 48 49 50 51 52 53 54 55
ply 9|3000000010000000000000200000001000000000000000000000000|12 13 13 0|0 0 0 0|0 0 0 0|2|0||2 3 4 5 6 7 8 10 11 12 13 14 15 16 17 18 19 20 21 22 24 25 26 27 28 29 30 32 33 34 35 36 37 38 39 40 41 42 43 44 45 46 47 48 49 50 51 52 53 54 55
ply 41|3000000010000000000000200000001000000000200000000000000|12 12 13 0|0 0 0 0|0 0 0 0|3|0||3 4 5 6 7 8 10 11 12 13 14 15 16 17 18 19 20 21 22 24 25 26 27 28 29 30 32 33 34 35 36 37 38 39 40 42 43 44 45 46 47 48 49 50 51 52 53 54 55
ply 24|3000000010000000000000230000001000000000200000000000000|12 12 12 0|0 0 0 0|0 0 0 0|1|0||2 3 4 5 6 7 8 10 11 12 13 14 15 17 18 19 20 21 22 25 26 27 28 29 30 32 33 34 35 36 37 38 39 40 42 43 44 45 46 47 48 49 50 51 52 53 54 55
ply 42|3000000010000000000000230000001000000000210000000000000|11 12 12 0|0 0 0 0|0 0 0 0|2|0||2 3 4 5 6 7 8 10 11 12 13 14 15 16 17 18 19 20 21 22 25 26 27 28 29 30 32 33 34 35 36 37 38 39 40 43 44 45 46 47 48 49 50 51 52 53 54 55
ply 54|3000000010000000000000230000001000000000210000000000020|11 11 12 0|0 0 0 0|0 0 0 0|3|0||3 4 5 6 7 8 10 11 12 13 14 15 17 18 19 20 21 22 25 26 27 28 29 30 32 33 34 35 36 37 38 39 40 43 44 45 46 47 48 49 50 51 52 53 55
ply 37|3000000010000000000000230000001000003000210000000000020|11 11 11 0|0 0 0 0|0 0 0 0|1|0||2 3 4 5 6 7 8 10 11 12 13 14 15 17 18 19 20 21 22 25 26 27 28 29 30 32 33 34 35 36 38 39 40 43 44 45 46 47 48 49 50 51 52 53 55
ply 43|3000000010000000000000230000001000003000211000000000020|10 11 11 0|0 0 0 0|0 0 0 0|2|0||2 3 4 5 6 7 8 10 11 12 13 14 15 16 17 18 19 20 21 22 25 26 27 28 29 30 32 33 34 35 36 38 39 40 44 45 46 47 48 49 50 51 52
ply 32|3000000010000000000000230000001200003000211000000000020|10 10 11 0|0 0 0 0|0 0 0 0|3|0||3 4 5 6 7 8 10 11 12 13 14 15 17 18 19 20 21 22 25 26 27 28 29 30 33 34 35 36 38 39 40 44 45 46 47 48 49 50 51 52 53 55
ply 17|3000000010000000300000230000001200003000211000000000020|10 10 10 0|0 0 0 0|0 0 0 0|1|0||2 3 4 5 6 7 8 10 11 12 13 14 15 18 19 20 21 22 25 26 27 28 29 30 33 34 35 36 38 39 40 44 45 46 47 48 49 50 51 52 53 55
ply 5|3000100010000000300000230000001200003000211000000000020|9 10 10 0|0 0 0 0|0 0 0 0|2|0||2 3 4 6 7 8 10 11 12 13 14 15 16 18 19 20 21 22 25 26 27 28 29 30 33 34 35 36 38 39 44 45 46 47 48 49 50 51 52
ply 30|3000100010000000300000230000021200003000211000000000020|9 9 10 0|0 0 0 0|0 0 0 0|3|0||3 4 6 7 8 11 12 13 14 15 18 19 20 21 22 25 26 27 28 29 33 34 35 36 38 39 40 44 45 46 47 48 49 50 51 52 53 55
ply 15|3000100010000030300000230000021200003000211000000000020|9 9 9 0|0 0 0 0|0 0 0 0|1|0||2 3 4 6 7 8 10 11 12 13 14 18 19 20 21 22 25 26 27 28 29 33 34 35 36 38 39 40 44 45 46 47 48 49 50 51 52 53 55
ply 7|3000101010000030300000230000021200003000211000000000020|8 9 9 0|0 0 0 0|0 0 0 0|2|0||2 3 4 6 8 10 11 12 13 14 16 18 19 20 21 22 25 26 27 28 29 33 34 35 36 38 39 44 45 46 47 48 49 50 51 52
ply 29|3000101010000030300000230000221200003000211000000000020|8 8 9 0|0 0 0 0|0 0 0 0|3|0||3 4 6 8 11 12 13 14 18 19 20 21 22 25 26 27 28 33 34 35 36 38 39 40 44 45 46 47 48 49 50 51 52 53 55
ply 38|3000101010000030300000230000221200003300211000000000020|8 8 8 0|0 0 0 0|0 0 0 0|1|0||2 3 4 6 8 10 11 12 13 14 18 19 20 21 22 25 26 27 28 33 34 35 36 39 40 44 45 46 47 48 49 50 51 52 53 55
ply 22|3000101010000030300001230000221200003300211000000000020|7 8 8 0|0 0 0 0|0 0 0 0|2|0||2 3 4 6 8 10 11 12 13 14 16 18 19 20 21 25 26 27 28 33 34 35 36 39 44 45 46 47 48 49 50 51 52
ply 34|3000101010000030300001230000221202003300211000000000020|7 7 8 0|0 0 0 0|0 0 0 0|3|0||3 4 6 8 11 12 13 14 18 19 20 21 25 26 27 28 33 35 36 39 40 44 45 46 47 48 49 50 51 52 53 55
ply 55|3000101010000030300001230000221202003300211000000000023|7 7 7 0|0 0 0 0|0 0 0 0|1|0||2 3 4 6 8 10 11 12 13 14 18 19 20 21 25 26 27 28 33 35 36 39 40 44 45 46 47 48 49 50 51 52 53 114
ply 4|3001101010000030300001230000221202003300211000000000023|6 7 7 0|0 0 0 0|0 0 0 0|2|0||2 3 6 8 10 11 12 13 14 16 18 19 20 21 25 26 27 28 33 35 36 39 44 45 46 47 48 49 50 51 52
ply 10|3001101012000030300001230000221202003300211000000000023|6 6 7 0|0 0 0 0|0 0 0 0|3|0||3 6 8 11 12 13 14 18 19 20 21 25 26 27 28 33 35 36 39 40 44 45 46 47 48 49 50 51 52 53
ply 21|3001101012000030300031230000221202003300211000000000023|6 6 6 0|0 0 0 0|0 0 0 0|1|0||2 3 6 8 11 12 13 14 18 19 20 25 26 27 28 33 35 36 39 40 44 45 46 47 48 49 50 51 52 53 114 157
ply 39|3001101012000030300031230000221202003310211000000000023|5 6 6 0|0 0 0 0|0 0 0 0|2|0||2 3 6 8 11 12 13 14 16 18 19 20 25 26 27 28 33 35 36 44 45 46 47 48 49 50 51 52
ply 50|3001101012000030300031230000221202003310211000000200023|5 5 6 0|0 0 0 0|0 0 0 0|3|0||3 6 8 11 12 13 14 18 19 20 25 26 27 28 33 35 36 40 44 45 46 47 48 49 51 52 53
ply 11|3001101012300030300031230000221202003310211000000200023|5 5 5 0|0 0 0 0|0 0 0 0|1|0||2 3 6 8 12 13 14 18 19 20 25 26 27 28 33 35 36 40 44 45 47 48 49 51 52 53 114 157
ply 114|3001100002300000300030230000221202003310211000000200023|8 5 5 0|1 0 0 0|0 0 1 0|2|0||2 3 6 7 8 9 12 13 14 15 16 18 19 20 22 25 26 27 28 33 35 36 44 45 46 47 48 49 51 52
ply 36|3001100002300000300030230000221202023310211000000200023|8 4 5 0|1 0 0 0|0 0 1 0|3|0||3 6 7 8 9 12 13 14 15 18 19 20 22 25 26 27 28 33 35 40 44 45 46 47 48 49 51 52 53
ply 20|3001100002300000300330230000221202023310211000000200023|8 4 4 0|1 0 0 0|0 0 1 0|1|0||2 3 6 7 8 9 12 13 14 15 16 18 19 22 25 26 27 28 33 35 40 44 45 47 48 49 51 52 53
ply 51|3001100002300000300330230000221202023310211000000210023|7 4 4 0|1 0 0 0|0 0 1 0|2|0||2 3 6 7 8 9 12 13 14 15 16 18 19 22 25 26 27 28 33 35 44 45 46 47 48 49 52
ply 13|3001100002302000300330230000221202023310211000000210023|7 3 4 0|1 0 0 0|0 0 1 0|3|0||3 6 7 8 9 12 14 15 18 19 22 25 26 27 28 33 35 40 44 45 46 47 48 49 52 53
ply 18|3001100002302000330330230000221202023310211000000210023|7 3 3 0|1 0 0 0|0 0 1 0|1|0||2 3 6 7 8 9 12 14 15 16 19 22 25 26 27 28 33 35 40 44 45 47 48 49 52 53
ply 14|3001100002302100330330230000221202023310211000000210023|6 3 3 0|1 0 0 0|0 0 1 0|2|0||2 3 6 7 8 9 12 15 16 19 22 25 26 27 28 33 35 44 45 46 47 48 49 52 135
ply 9|3001100022302100330330230000221202023310211000000210023|6 2 3 0|1 0 0 0|0 0 1 0|3|0||3 6 7 8 12 15 19 22 25 26 27 28 33 35 40 44 45 46 47 48 49 52 53 57
ply 52|3001100022302100330330230000221202023310211000000213023|6 2 2 0|1 0 0 0|0 0 1 0|1|0||2 3 6 7 8 12 15 16 19 22 25 26 27 28 33 35 40 44 45 47 48 49 53
ply 25|3001100022302100330330231000221202023310211000000213023|5 2 2 0|1 0 0 0|0 0 1 0|2|0||2 3 6 7 8 12 15 19 22 26 27 28 33 35 44 45 46 47 48 49 135
ply 135|3001100020000100300030231000221200023310211000000213023|5 5 2 0|1 3 0 0|0 0 4 0|3|0||3 6 7 8 11 12 13 15 18 19 20 22 26 27 28 33 34 35 40 44 45 47 48 49 53
ply 12|3001100020030100300030231000221200023310211000000213023|5 5 1 0|1 3 0 0|0 0 4 0|1|0||2 3 6 7 8 11 13 15 16 18 19 20 22 26 27 28 33 34 35 40 44 45 47 48 49 53
ply 3|3011100020030100300030231000221200023310211000000213023|4 5 1 0|1 3 0 0|0 0 4 0|2|0||2 6 7 8 10 11 13 15 18 19 20 22 26 27 28 33 34 35 44 45 46 47 48 49
ply 33|3011100020030100300030231000221220023310211000000213023|4 4 1 0|1 3 0 0|0 0 4 0|3|0||6 7 8 11 13 15 18 19 20 22 26 27 28 34 35 40 44 45 47 48 49 53
ply 6|3011130020030100300030231000221220023310211000000213023|4 4 0 0|1 3 0 0|0 0 4 0|1|0||7 8 11 13 15 16 18 19 20 22 26 27 28 34 35 40 44 45 47 48 49 53
ply 13|3011130020031100300030231000221220023310211000000213023|3 4 0 0|1 3 0 0|0 0 4 0|2|0||2 7 8 10 11 15 18 19 20 22 26 27 28 34 35 44 45 46 47 48 49
ply 28|3011130020031100300030231002221220023310211000000213023|3 3 0 0|1 3 0 0|0 0 4 0|1|0|3|7 8 11 15 16 18 19 20 22 26 27 34 35 40 44 45 47 48 49 53
ply 22|3011130020031100300031231002221220023310211000000213023|2 3 0 0|1 3 0 0|0 0 4 0|2|0||2 7 8 10 11 15 18 19 20 26 27 34 35 44 45 46 47 48 49
ply 10|3011130022031100300031231002221220023310211000000213023|2 2 0 0|1 3 0 0|0 0 4 0|1|0|3|7 8 11 15 16 18 19 20 26 27 34 35 40 44 45 47 48 49 53
ply 27|3011130022031100300031231012221220023310211000000213023|1 2 0 0|1 3 0 0|0 0 4 0|2|0||2 7 8 11 15 18 19 20 26 34 35 44 45 46 47 48 49
ply 49|3011130022031100300031231012221220023310211000002213023|1 1 0 0|1 3 0 0|0 0 4 0|1|0|3|7 8 11 15 16 18 19 20 26 34 35 40 44 45 47 48 53 67
ply 67|3001130022030000300000031000000220023310211000002213023|7 1 0 0|6 3 0 0|0 4 5 0|2|0||2 3 7 8 11 13 14 15 18 19 20 21 22 23 26 27 28 29 30 31 34 35 44 45 46 47 48
ply 34|3001130022030000300000031000000222023310211000002213023|7 0 0 0|6 3 0 0|0 4 5 0|1|0|3|2 3 7 8 11 13 14 15 16 18 19 20 21 22 23 26 27 28 29 30 31 35 40 44 45 47 48 53
ply 21|3001130022030000300010031000000222023310211000002213023|6 0 0 0|6 3 0 0|0 4 5 0|2|0||167
ply 167|3001130022030000300010031000000220003310200000000213023|6 3 0 0|6 5 0 0|2 4 5 0|1|0|3|2 3 7 8 11 13 14 15 16 18 19 20 22 23 26 27 28 29 30 31 34 35 36 40 42 43 44 45 47 48 49 53
ply 44|3001130022030000300010031000000220003310200100000213023|5 3 0 0|6 5 0 0|2 4 5 0|2|0||2 3 7 8 11 13 14 15 18 19 20 22 23 26 27 28 29 30 31 34 35 36 42 43 45 46 47 48 49
ply 14|3001130022030200300010031000000220003310200100000213023|5 2 0 0|6 5 0 0|2 4 5 0|1|0|3|2 3 7 8 11 13 15 16 18 19 20 22 23 26 27 28 29 30 31 34 35 36 40 42 43 45 47 48 49 53
ply 30|3001130022030200300010031000010220003310200100000213023|4 2 0 0|6 5 0 0|2 4 5 0|2|0||2 3 7 8 11 13 15 18 19 20 22 23 26 27 28 29 31 34 35 36 42 43 45 46 47 48 49
ply 42|3001130022030200300010031000010220003310220100000213023|4 1 0 0|6 5 0 0|2 4 5 0|1|0|3|2 3 7 8 11 13 15 16 18 19 20 22 23 26 27 28 29 31 34 35 36 40 43 45 47 48 49 53
ply 22|3001130022030200300011031000010220003310220100000213023|3 1 0 0|6 5 0 0|2 4 5 0|2|0||2 3 7 8 11 13 15 18 19 20 23 26 27 28 29 31 34 35 36 43 45 46 47 48 49 152
ply 34|3001130022030200300011031000010222003310220100000213023|3 0 0 0|6 5 0 0|2 4 5 0|1|0|3|2 3 7 8 11 13 15 16 18 19 20 23 26 27 28 29 31 35 36 40 43 45 47 48 49 53
ply 16|3001130022030201300011031000010222003310220100000213023|2 0 0 0|6 5 0 0|2 4 5 0|2|0||152
ply 152|3001130020000001300001031000010220003310200100000213023|2 4 0 0|6 7 0 0|3 4 6 0|1|0|3|2 3 7 8 11 12 13 14 15 18 19 20 21 23 26 27 28 29 31 34 35 36 40 42 43 45 47 48 49 53
ply 7|3001131020000001300001031000010220003310200100000213023|1 4 0 0|6 7 0 0|3 4 6 0|2|0||2 3 8 10 11 12 13 14 15 18 19 20 21 23 26 27 28 29 31 34 35 36 42 43 45 46 47 48 49
ply 31|3001131020000001300001031000012220003310200100000213023|1 3 0 0|6 7 0 0|3 4 6 0|1|0|3|2 3 8 11 12 13 14 15 18 19 20 21 23 26 27 28 29 34 35 36 40 42 43 45 47 48 49 53
ply 27|3001131020000001300001031010012220003310200100000213023|0 3 0 0|6 7 0 0|3 4 6 0|2|0||2 3 8 10 11 12 13 14 15 18 19 20 21 23 26 28 29 34 35 36 42 43 45 46 47 48 49
ply 45|3001131020000001300001031010012220003310200120000213023|0 2 0 0|6 7 0 0|3 4 6 0|1|0|3|121
ply 121|3000000020000001300001031000012220003310200120000213023|4 2 0 0|7 7 0 0|3 4 7 0|2|0||2 3 4 5 6 7 8 10 11 12 13 14 15 18 19 20 21 23 26 27 28 29 34 35 36 42 43 46 47 48 49
ply 18|3000000020000001320001031000012220003310200120000213023|4 1 0 0|7 7 0 0|3 4 7 0|1|0|3|2 3 4 5 6 7 8 10 11 12 13 14 15 19 20 21 23 26 27 28 29 34 35 36 40 42 43 47 48 49 53
ply 13|3000000020001001320001031000012220003310200120000213023|3 1 0 0|7 7 0 0|3 4 7 0|2|0||2 3 4 5 6 7 8 10 11 12 14 15 19 20 21 23 26 27 28 29 34 35 36 42 43 46 47 48 49
ply 7|3000002020001001320001031000012220003310200120000213023|3 0 0 0|7 7 0 0|3 4 7 0|0|1||
game 4
ply 0|0000000000000000000000000000000000000000000000000000000|14 14 14 14|0 0 0 0|0 0 0 0|1|0||1 2 3 4 5 6 7 8 9 10 11 12 13 14 15 16 17 18 19 20 21 22 23 24 25 26 27 28 29 30 31 32 33 34 35 36 37 38 39 40 41 42 43 44 45 46 47 48 49 50 51 52 53 54 55
ply 22|0000000000000000000001000000000000000000000000000000000|13 14 14 14|0 0 0 0|0 0 0 0|2|0||1 2 3 4 5 6 7 8 9 10 11 12 13 14 15 16 17 18 19 20 21 23 24 25 26 27 28 29 30 31 32 33 34 35 36 37 38 39 40 41 42 43 44 45 46 47 48 49 50 51 52 53 54 55
ply 53|0000000000000000000001000000000000000000000000000000200|13 13 14 14|0 0 0 0|0 0 0 0|3|0||1 2 3 4 5 6 7 8 9 10 11 12 13 14 15 16 17 18 19 20 21 23 24 25 26 27 28 29 30 31 32 33 34 35 36 37 38 39 40 41 42 43 44 45 46 47 48 49 50 51 52 54 55
ply 8|0000000300000000000001000000000000000000000000000000200|13 13 13 14|0 0 0 0|0 0 0 0|4|0||1 2 3 4 5 6 7 9 10 11 12 13 14 15 16 17 18 19 20 21 23 24 25 26 27 28 29 30 31 32 33 34 35 36 37 38 39 40 41 42 43 44 45 46 47 48 49 50 51 52 54 55
ply 10|0000000304000000000001000000000000000000000000000000200|13 13 13 13|0 0 0 0|0 0 0 0|1|0||1 2 3 4 5 6 7 9 11 12 13 14 15 16 17 18 19 20 21 23 24 25 26 27 28 29 30 31 32 33 34 35 36 37 38 39 40 41 42 43 44 45 46 47 48 49 50 51 52 54 55
ply 24|0000000304000000000001010000000000000000000000000000200|12 13 13 13|0 0 0 0|0 0 0 0|2|0||1 2 3 4 5 6 7 9 11 12 13 14 15 16 17 18 19 20 21 23 25 26 27 28 29 30 31 32 33 34 35 36 37 38 39 40 41 42 43 44 45 46 47 48 49 50 51 52 55
ply 46|0000000304000000000001010000000000000000000002000000200|12 12 13 13|0 0 0 0|0 0 0 0|3|0||1 2 3 4 5 6 7 9 11 12 13 14 15 16 17 18 19 20 21 23 25 26 27 28 29 30 31 32 33 34 35 36 37 38 39 40 41 42 43 44 45 47 48 49 50 51 52 54 55
ply 1|3000000304000000000001010000000000000000000002000000200|12 12 12 13|0 0 0 0|0 0 0 0|4|0||2 3 5 6 7 9 11 12 13 14 15 16 18 19 20 21 23 25 26 27 28 29 30 31 32 33 34 35 36 37 38 39 40 41 42 43 44 45 47 48 49 50 51 52 54 55
ply 45|3000000304000000000001010000000000000000000042000000200|12 12 12 12|0 0 0 0|0 0 0 0|1|0||2 3 4 5 6 7 9 11 12 13 14 15 17 18 19 20 21 23 25 26 27 28 29 30 31 32 33 34 35 36 37 38 39 40 41 42 43 44 47 48 49 50 51 52 54 55
ply 42|3000000304000000000001010000000000000000010042000000200|11 12 12 12|0 0 0 0|0 0 0 0|2|0||2 3 4 5 6 7 9 11 12 13 14 15 16 17 18 19 20 21 23 25 26 27 28 29 30 31 32 33 34 35 36 37 38 40 41 43 44 47 48 49 50 51 55
ply 20|3000000304000000000201010000000000000000010042000000200|11 11 12 12|0 0 0 0|0 0 0 0|3|0||3 4 5 6 7 9 11 12 13 14 15 16 17 18 19 21 23 25 26 27 28 29 30 31 32 33 34 35 36 37 38 39 40 41 43 44 47 48 49 50 51 52 54 55
ply 4|3003000304000000000201010000000000000000010042000000200|11 11 11 12|0 0 0 0|0 0 0 0|4|0||2 3 5 6 7 9 11 12 13 14 15 16 18 19 21 23 25 26 27 28 29 30 31 32 33 34 35 36 37 38 39 40 41 43 44 47 48 49 50 51 52 54 55
ply 29|3003000304000000000201010000400000000000010042000000200|11 11 11 11|0 0 0 0|0 0 0 0|1|0||2 3 5 6 7 9 11 12 13 14 15 17 18 19 21 23 25 26 27 28 30 31 32 33 34 35 36 37 38 39 40 41 43 44 47 48 49 50 51 52 54 55
ply 39|3003000304000000000201010000400000000010010042000000200|10 11 11 11|0 0 0 0|0 0 0 0|2|0||2 3 5 6 7 9 11 12 13 14 15 16 17 18 19 21 23 25 26 27 28 30 31 32 33 34 35 36 37 38 40 41 43 44 47 48 49 50 51 55
ply 43|3003000304000000000201010000400000000010012042000000200|10 10 11 11|0 0 0 0|0 0 0 0|3|0||3 5 6 7 9 11 12 13 14 15 16 17 18 19 21 23 25 26 27 28 30 31 32 33 34 35 36 37 38 40 41 44 47 48 49 50 51 52 54 55
ply 12|3003000304030000000201010000400000000010012042000000200|10 10 10 11|0 0 0 0|0 0 0 0|4|0||2 3 5 6 7 9 11 13 14 15 16 18 19 21 23 25 26 27 28 30 31 32 33 34 35 36 37 38 40 41 44 47 48 49 50 51 52 54 55
ply 37|3003000304030000000201010000400000004010012042000000200|10 10 10 10|0 0 0 0|0 0 0 0|1|0||2 3 5 6 7 9 11 13 14 15 17 18 19 21 23 25 26 27 28 30 31 32 33 34 35 36 38 40 41 44 47 48 49 50 51 52 54 55
ply 32|3003000304030000000201010000400100004010012042000000200|9 10 10 10|0 0 0 0|0 0 0 0|2|0||2 3 5 6 7 9 11 13 14 15 16 17 18 19 21 23 25 26 27 28 30 31 33 34 35 36 38 40 41 44 47 48 49 50 51 55
ply 47|3003000304030000000201010000400100004010012042200000200|9 9 10 10|0 0 0 0|0 0 0 0|3|0||3 5 6 7 9 11 13 14 15 16 17 18 19 21 23 25 26 27 28 30 31 33 34 35 36 38 40 41 44 48 49 50 51 52 54 55
ply 38|3003000304030000000201010000400100004310012042200000200|9 9 9 10|0 0 0 0|0 0 0 0|4|0||2 3 5 6 7 9 11 13 14 15 16 18 19 21 23 25 26 27 28 30 31 33 34 35 36 40 41 44 48 49 50 51 52 54 55
ply 41|3003000304030000000201010000400100004310412042200000200|9 9 9 9|0 0 0 0|0 0 0 0|1|0||2 3 5 6 7 9 11 13 14 15 17 18 19 21 23 25 26 27 28 30 31 33 34 35 36 44 48 49 50 51 52 54 55
ply 50|3003000304030000000201010000400100004310412042200100200|8 9 9 9|0 0 0 0|0 0 0 0|2|0||2 3 5 6 7 9 11 13 14 15 16 17 18 19 21 23 25 26 27 28 30 31 33 34 35 36 44 48 49 51 55
ply 31|3003000304030000000201010000402100004310412042200100200|8 8 9 9|0 0 0 0|0 0 0 0|3|0||3 5 6 7 9 11 13 14 15 16 17 18 19 21 23 25 26 27 28 30 33 34 35 36 40 44 48 49 51 52 54 55
ply 19|3003000304030000003201010000402100004310412042200100200|8 8 8 9|0 0 0 0|0 0 0 0|4|0||2 3 5 6 7 9 11 13 14 15 16 18 21 23 25 26 27 28 30 33 34 35 36 40 44 48 49 51 52 54 55
ply 52|3003000304030000003201010000402100004310412042200104200|8 8 8 8|0 0 0 0|0 0 0 0|1|0||2 3 5 6 7 9 11 13 14 15 17 18 21 23 25 26 27 28 30 33 34 35 36 44 48 49 51 54 55
ply 27|3003000304030000003201010010402100004310412042200104200|7 8 8 8|0 0 0 0|0 0 0 0|2|0||2 3 5 6 7 9 11 13 14 15 16 17 18 21 23 25 26 28 30 33 34 35 36 44 48 49 51 55
ply 44|3003000304030000003201010010402100004310412242200104200|7 7 8 8|0 0 0 0|0 0 0 0|3|0||3 5 6 7 9 11 13 14 15 16 17 18 21 23 25 26 28 30 33 34 35 36 40 48 49 51 54 55
ply 6|3003030304030000003201010010402100004310412242200104200|7 7 7 8|0 0 0 0|0 0 0 0|4|0||2 3 5 7 9 11 13 14 15 16 18 21 23 25 26 28 30 33 34 35 36 40 48 49 51 54 55
ply 9|3003030344030000003201010010402100004310412242200104200|7 7 7 7|0 0 0 0|0 0 0 0|1|0||2 3 5 7 11 13 14 15 17 18 21 23 25 26 28 30 33 34 35 36 48 49 51 54 55
ply 26|3003030344030000003201010110402100004310412242200104200|6 7 7 7|0 0 0 0|0 0 0 0|2|0||2 3 5 7 11 13 14 15 16 17 18 21 23 25 28 30 33 34 35 36 48 49 51 55
ply 34|3003030344030000003201010110402102004310412242200104200|6 6 7 7|0 0 0 0|0 0 0 0|3|0||3 5 7 11 13 14 15 16 17 18 21 23 25 28 30 33 35 36 40 48 49 51 54 55
ply 54|3003030344030000003201010110402102004310412242200104230|6 6 6 7|0 0 0 0|0 0 0 0|4|0||2 3 5 7 11 13 14 15 18 21 23 25 28 30 33 35 36 40 48 49 51 55
ply 3|3043030344030000003201010110402102004310412242200104230|6 6 6 6|0 0 0 0|0 0 0 0|1|0||2 5 7 11 13 14 15 17 18 21 23 25 28 30 33 35 36 48 49 51 55
ply 49|3043030344030000003201010110402102004310412242201104230|5 6 6 6|0 0 0 0|0 0 0 0|2|0||2 5 7 11 13 14 15 16 17 18 21 23 25 28 30 33 35 36 48 51 55
ply 17|3043030344030000203201010110402102004310412242201104230|5 5 6 6|0 0 0 0|0 0 0 0|3|0||5 7 11 13 14 15 16 18 21 23 25 28 30 33 35 36 40 48 51
ply 51|3043030344030000203201010110402102004310412242201134230|5 5 5 6|0 0 0 0|0 0 0 0|4|0||5 7 11 13 14 15 18 21 23 25 28 30 33 35 36 40 48 55
ply 21|3043030344030000203241010110402102004310412242201134230|5 5 5 5|0 0 0 0|0 0 0 0|1|0||2 5 7 11 13 14 15 18 23 25 28 30 33 35 36 48 55
ply 48|3043030344030000203241010110402102004310412242211134230|4 5 5 5|0 0 0 0|0 0 0 0|2|0||2 5 7 11 13 14 15 16 18 23 25 28 30 33 35 36 55
ply 11|3043030344230000203241010110402102004310412242211134230|4 4 5 5|0 0 0 0|0 0 0 0|3|0||5 7 13 14 15 16 18 23 25 28 30 33 35 36 40 103
ply 103|3040000344000000200241010110402102004310412242211134230|4 4 9 5|0 0 1 0|0 1 0 0|4|0||5 6 7 11 12 13 14 15 18 19 23 25 28 30 33 35 36 40 55
ply 6|3040040344000000200241010110402102004310412242211134230|4 4 9 4|0 0 1 0|0 1 0 0|1|0||2 4 5 7 11 12 13 14 15 18 19 23 25 28 30 33 35 36 55
ply 5|3040140344000000200241010110402102004310412242211134230|3 4 9 4|0 0 1 0|0 1 0 0|2|0||2 4 7 11 12 13 14 15 16 18 19 23 25 28 30 33 35 36 55
ply 2|3240140344000000200241010110402102004310412242211134230|3 3 9 4|0 0 1 0|0 1 0 0|3|0||4 7 11 12 13 14 15 16 18 19 23 25 28 30 33 35 36 40
ply 36|3240140344000000200241010110402102034310412242211134230|3 3 8 4|0 0 1 0|0 1 0 0|4|0||7 11 12 13 14 15 18 19 23 25 28 30 33 35 40 55 129
ply 15|3240140344000040200241010110402102034310412242211134230|3 3 8 3|0 0 1 0|0 1 0 0|1|0||4 7 11 12 13 14 18 19 23 25 28 30 33 35 55
ply 33|3240140344000040200241010110402112034310412242211134230|2 3 8 3|0 0 1 0|0 1 0 0|2|0||4 7 11 12 13 14 16 18 19 23 25 28 30 35 55
ply 12|3240140344020040200241010110402112034310412242211134230|2 2 8 3|0 0 1 0|0 1 0 0|3|0||4 7 11 13 14 16 18 19 23 25 28 30 35 40 175
ply 19|3240140344020040203241010110402112034310412242211134230|2 2 7 3|0 0 1 0|0 1 0 0|4|0||7 11 13 14 18 23 25 28 30 35 40 55 129
ply 13|3240140344024040203241010110402112034310412242211134230|2 2 7 2|0 0 1 0|0 1 0 0|1|0||4 7 11 14 18 23 25 28 30 35 55
ply 30|3240140344024040203241010110412112034310412242211134230|1 2 7 2|0 0 1 0|0 1 0 0|2|0||4 7 11 14 16 18 23 25 28 35 55
ply 55|3240140344024040203241010110412112034310412242211134232|1 1 7 2|0 0 1 0|0 1 0 0|3|0||4 7 11 14 16 18 23 25 28 35 40 175
ply 40|3240140344024040203241010110412112034313412242211134232|1 1 6 2|0 0 1 0|0 1 0 0|4|0||7 11 14 18 23 25 28 35 65 92 128 129
ply 129|3240100004020000203200010110012112034313412242211134232|1 1 6 8|0 0 1 2|1 1 1 0|1|0||4 6 7 8 9 11 13 14 15 18 21 22 23 25 28 29 35 172
ply 15|3240100004020010203200010110012112034313412242211134232|0 1 6 8|0 0 1 2|1 1 1 0|2|0||6 7 8 11 13 14 18 21 22 23 25 28 29 35 153
ply 29|3240100004020010203200010110212112034313412242211134232|0 0 6 8|0 0 1 2|1 1 1 0|3|0||4 6 7 8 9 11 13 14 16 18 21 22 23 25 28 35 175
ply 11|3240100004320010203200010110212112034313412242211134232|0 0 5 8|0 0 1 2|1 1 1 0|4|0||6 7 8 9 13 14 16 18 21 22 23 25 28 35
ply 21|3240100004320010203240010110212112034313412242211134232|0 0 5 7|0 0 1 2|1 1 1 0|1|0||172
ply 172|3240100004320010203240010100002112000313410042211034232|3 0 5 7|5 0 1 2|1 4 2 1|3|0|2|4 6 7 8 9 13 14 16 18 22 23 25 27 28 29 30 35 36 37 43 44 50
ply 7|3240103004320010203240010100002112000313410042211034232|3 0 4 7|5 0 1 2|1 4 2 1|4|0||6 8 9 13 14 16 18 22 23 25 27 28 29 30 35 36 37 43 44 50
ply 27|3240103004320010203240010140002112000313410042211034232|3 0 4 6|5 0 1 2|1 4 2 1|1|0||4 6 8 9 13 14 18 22 23 25 28 29 30 35 36 37 43 44 50
ply 50|3240103004320010203240010140002112000313410042211134232|2 0 4 6|5 0 1 2|1 4 2 1|3|0|2|4 6 8 9 13 14 16 18 22 23 25 28 29 30 35 36 37 43 44
ply 13|3240103004323010203240010140002112000313410042211134232|2 0 3 6|5 0 1 2|1 4 2 1|4|0||6 8 9 14 16 18 22 23 25 28 29 30 35 36 37 43 44
ply 16|3240103004323014203240010140002112000313410042211134232|2 0 3 5|5 0 1 2|1 4 2 1|1|0||4 6 8 9 14 18 22 23 25 28 29 30 35 36 37 43 44
ply 36|3240103004323014203240010140002112010313410042211134232|1 0 3 5|5 0 1 2|1 4 2 1|3|0|2|4 6 8 9 14 18 22 23 25 28 29 30 35 37 43 44 56
ply 56|0240003004000014203240010140002112010313410042211134232|1 0 6 5|5 0 3 2|2 5 2 1|4|0||1 5 6 8 11 12 13 14 18 22 23 25 28 29 30 35 37 43 44
ply 11|0240003004400014203240010140002112010313410042211134232|1 0 6 4|5 0 3 2|2 5 2 1|1|0||1 4 5 6 8 9 12 13 14 18 22 23 25 28 29 30 35 37 43 44 99
ply 25|0240003004400014203240011140002112010313410042211134232|0 0 6 4|5 0 3 2|2 5 2 1|3|0|2|1 4 5 6 8 9 12 13 14 18 22 23 28 29 30 35 37 43 44
ply 1|3240003004400014203240011140002112010313410042211134232|0 0 5 4|5 0 3 2|2 5 2 1|4|0||5 6 8 12 13 14 18 22 23 28 29 30 35 37 43 44
ply 29|3240003004400014203240011140402112010313410042211134232|0 0 5 3|5 0 3 2|2 5 2 1|1|0||99
ply 99|3240003004400004203240011140000112000003410042211134232|3 0 5 3|8 0 3 2|2 6 3 2|3|0|2|4 5 6 8 9 12 13 14 15 18 22 23 28 29 30 31 35 36 37 38 39 43 44
ply 38|3240003004400004203240011140000112000303410042211134232|3 0 4 3|8 0 3 2|2 6 3 2|4|0||5 6 8 12 13 14 15 18 22 23 28 29 30 31 35 36 37 39 43 44
ply 8|3240003404400004203240011140000112000303410042211134232|3 0 4 2|8 0 3 2|2 6 3 2|1|0||4 5 6 9 12 13 14 15 18 22 23 28 29 30 31 35 36 37 39 43 44
ply 14|3240003404400104203240011140000112000303410042211134232|2 0 4 2|8 0 3 2|2 6 3 2|3|0|2|4 5 6 9 12 13 15 18 22 23 28 29 30 31 35 36 37 39 43 44
ply 30|3240003404400104203240011140030112000303410042211134232|2 0 3 2|8 0 3 2|2 6 3 2|4|0||5 6 12 13 15 18 22 23 28 29 31 35 36 37 39 43 44
ply 12|3240003404440104203240011140030112000303410042211134232|2 0 3 1|8 0 3 2|2 6 3 2|1|0||4 5 6 9 13 15 18 22 23 28 29 31 35 36 37 39 43 44
ply 22|3240003404440104203241011140030112000303410042211134232|1 0 3 1|8 0 3 2|2 6 3 2|3|0|2|4 5 6 9 13 15 18 23 28 29 31 35 36 37 39 43 44
ply 15|3240003404440134203241011140030112000303410042211134232|1 0 2 1|8 0 3 2|2 6 3 2|4|0||5 6 13 18 23 28 29 31 35 36 37 39 43 44
ply 35|3240003404440134203241011140030112400303410042211134232|1 0 2 0|8 0 3 2|2 6 3 2|1|0||4 5 6 9 13 18 23 28 29 31 36 37 39 43 44
ply 37|3240003404440134203241011140030112401303410042211134232|0 0 2 0|8 0 3 2|2 6 3 2|0|3||
game 2
ply 0|0000000000000000000000000000000000000000000000000000000|14 14 0 0|0 0 0 0|0 0 0 0|1|0||1 2 3 4 5 6 7 8 9 10 11 12 13 14 15 16 17 18 19 20 21 22 23 24 25 26 27 28 29 30 31 32 33 34 35 36 37 38 39 40 41 42 43 44 45 46 47 48 49 50 51 52 53 54 55
ply 39|0000000000000000000000000000000000000010000000000000000|13 14 0 0|0 0 0 0|0 0 0 0|2|0||1 2 3 4 5 6 7 8 9 10 11 12 13 14 15 16 17 18 19 20 21 22 23 24 25 26 27 28 29 30 31 32 33 34 35 36 37 38 40 41 42 43 44 45 46 47 48 49 50 51 52 53 54 55
ply 18|0000000000000000020000000000000000000010000000000000000|13 13 0 0|0 0 0 0|0 0 0 0|1|0||1 2 3 4 5 6 7 8 9 10 11 12 13 14 15 16 17 19 20 21 22 23 24 25 26 27 28 29 30 31 32 33 34 35 36 37 38 40 41 42 43 44 45 47 48 49 50 51 52 53 54 55
ply 32|0000000000000000020000000000000100000010000000000000000|12 13 0 0|0 0 0 0|0 0 0 0|2|0||1 2 3 4 5 6 7 8 9 10 11 12 13 14 15 16 17 19 20 21 22 23 24 25 26 27 28 29 30 31 33 34 35 36 37 38 40 41 42 43 44 45 46 47 48 49 50 51 52 53 54 55
ply 45|0000000000000000020000000000000100000010000020000000000|12 12 0 0|0 0 0 0|0 0 0 0|1|0||1 2 3 4 5 6 7 8 9 10 11 12 13 14 15 16 17 19 20 21 22 23 24 25 26 27 28 29 30 31 33 34 35 36 37 38 41 42 43 44 47 48 49 50 51 52 53 54 55
ply 38|0000000000000000020000000000000100000110000020000000000|11 12 0 0|0 0 0 0|0 0 0 0|2|0||1 2 3 4 5 6 7 8 9 10 11 12 13 14 15 16 17 19 20 21 22 23 24 25 26 27 28 29 30 31 33 34 35 36 37 40 41 42 43 44 46 47 48 49 50 51 52 53 54 55
ply 44|0000000000000000020000000000000100000110000220000000000|11 11 0 0|0 0 0 0|0 0 0 0|1|0||1 2 3 4 5 6 7 8 9 10 11 12 13 14 15 16 17 19 20 21 22 23 24 25 26 27 28 29 30 31 33 34 35 36 37 41 42 43 47 48 49 50 51 52 53 54 55
ply 26|0000000000000000020000000100000100000110000220000000000|10 11 0 0|0 0 0 0|0 0 0 0|2|0||1 2 3 4 5 6 7 8 9 10 11 12 13 14 15 16 17 19 20 21 22 23 24 25 27 28 29 30 31 33 34 35 36 37 40 41 42 43 46 47 48 49 50 51 52 53 54 55
ply 30|0000000000000000020000000100020100000110000220000000000|10 10 0 0|0 0 0 0|0 0 0 0|1|0||1 2 3 4 5 6 7 8 9 10 11 12 13 14 15 16 17 19 20 21 22 23 24 25 27 28 29 31 33 34 35 36 37 41 42 43 47 48 49 50 51 52 53 54 55
ply 22|0000000000000000020001000100020100000110000220000000000|9 10 0 0|0 0 0 0|0 0 0 0|2|0||1 2 3 4 5 6 7 8 9 10 11 12 13 14 15 16 17 19 20 21 23 24 25 27 28 29 31 33 34 35 36 37 40 41 42 43 46 47 48 49 50 51 52 53 54 55
ply 34|0000000000000000020001000100020102000110000220000000000|9 9 0 0|0 0 0 0|0 0 0 0|1|0||1 2 3 4 5 6 7 8 9 10 11 12 13 14 15 16 17 19 20 21 23 24 25 27 28 29 31 33 35 36 37 41 42 43 47 48 49 50 51 52 53 54 55
ply 13|0000000000001000020001000100020102000110000220000000000|8 9 0 0|0 0 0 0|0 0 0 0|2|0||1 2 3 4 5 6 7 8 9 10 11 12 14 15 16 17 19 20 21 23 24 25 27 28 29 31 33 35 36 37 40 41 42 43 46 47 48 49 50 51 52 53 54 55
ply 24|0000000000001000020001020100020102000110000220000000000|8 8 0 0|0 0 0 0|0 0 0 0|1|0||1 2 3 4 5 6 7 8 9 10 11 12 14 15 16 17 19 20 21 23 25 27 28 29 31 33 35 36 37 41 42 43 47 48 49 50 51 52 53 54 55
ply 10|0000000001001000020001020100020102000110000220000000000|7 8 0 0|0 0 0 0|0 0 0 0|2|0||1 2 3 4 5 6 7 8 9 11 12 14 15 17 19 20 21 23 25 27 28 29 31 33 35 36 37 40 41 42 43 46 47 48 49 50 51 52 53 54 55
ply 28|0000000001001000020001020102020102000110000220000000000|7 7 0 0|0 0 0 0|0 0 0 0|1|0||1 2 3 5 6 7 8 9 11 12 14 15 16 19 20 21 23 25 27 29 31 33 35 36 37 41 42 43 47 48 49 50 51 52 53 54 55
ply 41|0000000001001000020001020102020102000110100220000000000|6 7 0 0|0 0 0 0|0 0 0 0|2|0||1 2 3 4 5 6 7 8 9 11 12 14 15 17 19 20 21 23 25 27 29 31 33 35 36 37 40 42 43 46 47 48 49 50 51 52 53 54 55
ply 47|0000000001001000020001020102020102000110100220200000000|6 6 0 0|0 0 0 0|0 0 0 0|1|0||1 2 3 5 6 7 8 9 11 12 14 15 16 19 20 21 23 25 27 29 31 33 35 36 37 42 43 48 49 50 51 52 53 54 55
ply 37|0000000001001000020001020102020102001110100220200000000|5 6 0 0|0 0 0 0|0 0 0 0|2|0||1 2 3 4 5 6 7 8 9 11 12 14 15 17 19 20 21 23 25 27 29 31 33 35 36 42 43 46 48 49 50 51 52 53 54 55 158
ply 158|0000000001001000020001020100000102000110100020200000000|5 9 0 0|0 1 0 0|1 0 0 0|1|0||1 2 3 5 6 7 8 9 11 12 14 15 16 19 20 21 23 25 27 28 29 30 31 33 35 36 37 42 43 44 48 49 50 51 52 53 54 55
ply 20|0000000001001000020101020100000102000110100020200000000|4 9 0 0|0 1 0 0|1 0 0 0|2|0||1 2 3 4 5 6 7 8 9 11 12 14 15 17 19 21 23 25 27 28 29 30 31 33 35 36 37 42 43 44 46 48 49 50 51 52 53 54 55
ply 54|0000000001001000020101020100000102000110100020200000020|4 8 0 0|0 1 0 0|1 0 0 0|1|0||1 2 3 5 6 7 8 9 11 12 14 15 16 19 21 23 25 27 28 29 30 31 33 35 36 37 42 43 44 48 49 50 51 52 53 55
ply 2|0100000001001000020101020100000102000110100020200000020|3 8 0 0|0 1 0 0|1 0 0 0|2|0||1 3 4 5 6 7 8 9 11 12 14 15 17 19 21 23 25 27 28 29 30 31 33 35 36 37 42 43 44 46 48 49 50 51 52
ply 35|0100000001001000020101020100000102200110100020200000020|3 7 0 0|0 1 0 0|1 0 0 0|1|0||5 6 7 8 9 11 12 14 15 16 19 21 23 25 27 28 29 30 31 33 36 37 42 43 44 48 49 50 51 52 53 55
ply 16|0100000001001001020101020100000102200110100020200000020|2 7 0 0|0 1 0 0|1 0 0 0|2|0||1 3 4 5 6 7 8 9 11 12 14 15 17 19 21 23 25 27 28 29 30 31 33 36 37 42 43 44 46 48 49 50 51 52
ply 28|0100000001001001020101020102000102200110100020200000020|2 6 0 0|0 1 0 0|1 0 0 0|1|0||5 6 7 8 11 12 14 15 19 21 23 25 27 29 30 31 33 36 37 42 43 44 48 49 50 51 52 53 55
ply 7|0100001001001001020101020102000102200110100020200000020|1 6 0 0|0 1 0 0|1 0 0 0|2|0||1 3 4 5 6 8 9 11 12 14 15 17 19 21 23 25 27 29 30 31 33 36 37 42 43 44 46 48 49 50 51 52
ply 46|0100001001001001020101020102000102200110100022200000020|1 5 0 0|0 1 0 0|1 0 0 0|1|0||5 6 8 11 12 14 15 19 21 23 25 27 29 30 31 33 36 37 42 43 44 48 49 50 51 52 53 55
ply 51|0100001001001001020101020102000102200110100022200010020|0 5 0 0|0 1 0 0|1 0 0 0|0|2||
game 2
ply 0|0000000000000000000000000000000000000000000000000000000|14 14 0 0|0 0 0 0|0 0 0 0|1|0||1 2 3 4 5 6 7 8 9 10 11 12 13 14 15 16 17 18 19 20 21 22 23 24 25 26 27 28 29 30 31 32 33 34 35 36 37 38 39 40 41 42 43 44 45 46 47 48 49 50 51 52 53 54 55
ply 27|0000000000000000000000000010000000000000000000000000000|13 14 0 0|0 0 0 0|0 0 0 0|2|0||1 2 3 4 5 6 7 8 9 10 11 12 13 14 15 16 17 18 19 20 21 22 23 24 25 26 28 29 30 31 32 33 34 35 36 37 38 39 40 41 42 43 44 45 46 47 48 49 50 51 52 53 54 55
ply 44|0000000000000000000000000010000000000000000200000000000|13 13 0 0|0 0 0 0|0 0 0 0|1|0||1 2 3 4 5 6 7 8 9 10 11 12 13 14 15 16 17 18 19 20 21 22 23 24 25 26 28 29 30 31 32 33 34 35 36 37 38 39 40 41 42 43 45 46 47 48 49 50 51 52 53 54 55
ply 26|0000000000000000000000000110000000000000000200000000000|12 13 0 0|0 0 0 0|0 0 0 0|2|0||1 2 3 4 5 6 7 8 9 10 11 12 13 14 15 16 17 18 19 20 21 22 23 24 25 28 29 30 31 32 33 34 35 36 37 38 39 40 41 42 43 45 46 47 48 49 50 51 52 53 54 55
ply 40|0000000000000000000000000110000000000002000200000000000|12 12 0 0|0 0 0 0|0 0 0 0|1|0||1 2 3 4 5 6 7 8 9 10 11 12 13 14 15 16 17 18 19 20 21 22 23 24 25 28 29 30 31 32 33 34 35 36 37 38 39 41 42 43 45 46 47 48 49 50 51 52 53 54 55
ply 14|0000000000000100000000000110000000000002000200000000000|11 12 0 0|0 0 0 0|0 0 0 0|2|0||1 2 3 4 5 6 7 8 9 10 11 12 13 15 16 17 18 19 20 21 22 23 24 25 28 29 30 31 33 34 35 36 37 38 39 41 42 43 45 46 48 49 50 51 52 53 54 55
ply 17|0000000000000100200000000110000000000002000200000000000|11 11 0 0|0 0 0 0|0 0 0 0|1|0||1 2 3 4 5 6 7 8 9 10 11 12 13 15 16 18 19 20 21 22 23 24 25 28 29 30 31 32 33 34 35 36 37 38 39 41 42 43 45 46 47 48 49 50 51 52 53 54 55
ply 8|0000000100000100200000000110000000000002000200000000000|10 11 0 0|0 0 0 0|0 0 0 0|2|0||1 2 3 4 5 6 7 9 11 12 13 15 16 18 19 20 21 22 23 24 25 28 29 30 31 33 34 35 36 37 38 39 41 42 43 45 46 48 49 50 51 52 53 54 55
ply 25|0000000100000100200000002110000000000002000200000000000|10 10 0 0|0 0 0 0|0 0 0 0|1|0||1 2 3 4 5 6 7 9 10 11 12 13 15 16 18 19 20 21 22 23 24 28 29 30 31 32 33 34 35 36 37 38 39 41 42 43 45 46 47 48 49 50 51 52 53 54 55
ply 41|0000000100000100200000002110000000000002100200000000000|9 10 0 0|0 0 0 0|0 0 0 0|2|0||1 2 3 4 5 6 7 9 11 12 13 15 16 18 19 20 21 22 23 24 28 29 30 31 33 34 35 36 37 38 39 42 43 45 46 48 49 50 51 52 53 54 55
ply 45|0000000100000100200000002110000000000002100220000000000|9 9 0 0|0 0 0 0|0 0 0 0|1|0||1 2 3 4 5 6 7 9 10 11 12 13 15 16 18 19 20 21 22 23 24 28 29 30 31 32 33 34 35 36 37 38 39 42 43 46 47 48 49 50 51 52 53 54 55
ply 48|0000000100000100200000002110000000000002100220010000000|8 9 0 0|0 0 0 0|0 0 0 0|2|0||1 2 3 4 5 6 7 9 11 12 13 15 16 18 19 20 21 22 23 24 28 29 30 31 33 34 35 36 37 38 39 42 43 46 49 50 51 52 53 54 55
ply 9|0000000120000100200000002110000000000002100220010000000|8 8 0 0|0 0 0 0|0 0 0 0|1|0||1 2 3 4 5 6 7 10 11 12 13 15 16 18 19 20 21 22 23 24 28 29 30 31 32 33 34 35 36 37 38 39 42 43 46 47 49 50 51 52 53 54 55
ply 37|0000000120000100200000002110000000001002100220010000000|7 8 0 0|0 0 0 0|0 0 0 0|2|0||1 2 3 4 5 6 7 11 12 13 15 18 19 20 21 22 23 24 28 29 30 31 33 34 35 36 38 39 42 43 46 49 50 51 52 53 54 55
ply 15|0000000120000120200000002110000000001002100220010000000|7 7 0 0|0 0 0 0|0 0 0 0|1|0||1 2 3 4 5 6 7 10 11 12 13 16 18 19 20 21 22 23 24 28 29 30 31 32 33 34 35 36 38 39 42 43 46 47 49 50 51 52 53 54 55
ply 21|0000000120000120200010002110000000001002100220010000000|6 7 0 0|0 0 0 0|0 0 0 0|2|0||1 2 3 4 5 6 7 11 12 13 18 19 20 22 23 24 28 29 30 31 33 34 35 36 38 39 42 43 46 49 50 51 52 53 54 55
ply 22|0000000120000120200012002110000000001002100220010000000|6 6 0 0|0 0 0 0|0 0 0 0|1|0||1 2 3 4 5 6 7 10 11 12 13 16 18 19 20 23 24 28 29 30 31 32 33 34 35 36 38 39 42 43 46 47 49 50 51 52 53 54 55
ply 33|0000000120000120200012002110000010001002100220010000000|5 6 0 0|0 0 0 0|0 0 0 0|2|0||1 2 3 4 5 6 7 11 12 13 18 19 20 23 24 28 29 30 31 34 35 36 38 39 42 43 46 49 50 51 52 53 54 55
ply 35|0000000120000120200012002110000010201002100220010000000|5 5 0 0|0 0 0 0|0 0 0 0|1|0||1 2 3 4 5 6 7 10 11 12 13 16 18 19 20 23 24 28 29 30 31 32 34 36 38 39 42 43 46 47 49 50 51 52 53 54 55
ply 31|0000000120000120200012002110001010201002100220010000000|4 5 0 0|0 0 0 0|0 0 0 0|2|0||1 2 3 4 5 6 7 11 12 13 18 19 20 23 24 28 29 30 34 36 38 39 42 43 46 49 50 51 52 53 54 55
ply 3|0020000120000120200012002110001010201002100220010000000|4 4 0 0|0 0 0 0|0 0 0 0|1|0||1 2 4 5 6 7 10 11 12 13 16 18 19 20 23 24 28 29 30 32 34 36 38 39 42 43 46 47 49 50 51 52 53 54 55
ply 53|0020000120000120200012002110001010201002100220010000100|3 4 0 0|0 0 0 0|0 0 0 0|2|0||1 4 5 6 7 11 12 13 18 19 20 23 24 28 29 30 34 36 38 39 42 43 46 49 50 51 52 54 55
ply 50|0020000120000120200012002110001010201002100220010200100|3 3 0 0|0 0 0 0|0 0 0 0|1|0||1 2 4 5 6 7 10 11 12 13 16 18 19 20 23 24 28 29 30 32 34 36 38 39 42 43 46 47 49 51 52 55
ply 19|0020000120000120201012002110001010201002100220010200100|2 3 0 0|0 0 0 0|0 0 0 0|2|0||1 4 5 6 7 11 12 13 18 20 23 24 28 29 30 34 36 38 39 42 43 46 49 51 52 54 55
ply 34|0020000120000120201012002110001012201002100220010200100|2 2 0 0|0 0 0 0|0 0 0 0|1|0||1 2 4 5 6 7 10 11 12 13 16 18 20 23 24 28 29 30 32 36 38 39 42 43 46 47 49 51 52 55
ply 6|0020010120000120201012002110001012201002100220010200100|1 2 0 0|0 0 0 0|0 0 0 0|2|0||1 4 5 7 11 12 13 18 20 23 24 28 29 30 36 38 39 42 43 46 49 51 52 54 55
ply 38|0020010120000120201012002110001012201202100220010200100|1 1 0 0|0 0 0 0|0 0 0 0|1|0||1 2 4 5 7 10 11 12 13 16 18 20 23 24 28 29 30 32 36 39 42 43 46 47 49 51 52 55 75
ply 51|0020010120000120201012002110001012201202100220010210100|0 1 0 0|0 0 0 0|0 0 0 0|2|0||1 4 5 7 11 12 13 18 20 23 24 28 29 30 36 39 42 43 46 49 52 54 55
ply 4|0022010120000120201012002110001012201202100220010210100|0 0 0 0|0 0 0 0|0 0 0 0|0|1||
game 3
ply 0|0000000000000000000000000000000000000000000000000000000|14 14 14 0|0 0 0 0|0 0 0 0|1|0||1 2 3 4 5 6 7 8 9 10 11 12 13 14 15 16 17 18 19 20 21 22 23 24 25 26 27 28 29 30 31 32 33 34 35 36 37 38 39 40 41 42 43 44 45 46 47 48 49 50 51 52 53 54 55
ply 3|0010000000000000000000000000000000000000000000000000000|13 14 14 0|0 0 0 0|0 0 0 0|2|0||1 2 4 5 6 7 8 9 10 11 12 13 14 15 16 17 18 19 20 21 22 23 24 25 26 27 28 29 30 31 32 33 34 35 36 37 38 39 40 41 42 43 44 45 46 47 48 49 50 51 52 53 54 55
ply 41|0010000000000000000000000000000000000000200000000000000|13 13 14 0|0 0 0 0|0 0 0 0|3|0||1 2 4 5 6 7 8 9 10 11 12 13 14 15 16 17 18 19 20 21 22 23 24 25 26 27 28 29 30 31 32 33 34 35 36 37 38 39 40 42 43 44 45 46 47 48 49 50 51 52 53 54 55
ply 12|0010000000030000000000000000000000000000200000000000000|13 13 13 0|0 0 0 0|0 0 0 0|1|0||1 4 5 6 7 8 9 10 11 13 14 15 16 17 18 19 20 21 22 23 24 25 26 27 28 29 30 31 32 33 34 35 36 37 38 39 40 42 43 44 45 46 47 48 49 50 51 52 53 54 55
ply 13|0010000000031000000000000000000000000000200000000000000|12 13 13 0|0 0 0 0|0 0 0 0|2|0||1 2 4 5 6 7 8 9 10 11 14 15 16 17 18 19 20 21 22 23 24 25 26 27 28 29 30 31 32 33 34 35 36 37 38 39 40 42 43 44 45 46 47 48 49 50 51 52 53 54 55
ply 36|0010000000031000000000000000000000020000200000000000000|12 12 13 0|0 0 0 0|0 0 0 0|3|0||1 2 4 5 6 7 8 9 10 11 14 15 16 17 18 19 20 21 22 23 24 25 26 27 28 29 30 31 32 33 34 35 37 38 39 40 42 43 44 45 46 47 48 49 50 51 52 53 54 55
ply 4|0013000000031000000000000000000000020000200000000000000|12 12 12 0|0 0 0 0|0 0 0 0|1|0||1 5 6 7 8 9 10 11 14 15 16 17 18 19 20 21 22 23 24 25 26 27 28 29 30 31 32 33 34 35 37 38 39 40 42 43 44 45 46 47 48 49 50 51 52 53 54 55
ply 45|0013000000031000000000000000000000020000200010000000000|11 12 12 0|0 0 0 0|0 0 0 0|2|0||1 2 5 6 7 8 9 10 11 14 15 16 17 18 19 20 21 22 23 24 25 26 27 28 29 30 31 32 33 34 35 37 38 39 40 42 43 44 46 47 48 49 50 51 52 53 54 55
ply 11|0013000000231000000000000000000000020000200010000000000|11 11 12 0|0 0 0 0|0 0 0 0|3|0||1 2 5 6 7 8 9 14 15 16 17 18 19 20 21 22 23 24 25 26 27 28 29 30 31 32 33 34 35 37 38 39 40 42 43 44 46 47 48 49 50 51 52 53 54 55
ply 34|0013000000231000000000000000000003020000200010000000000|11 11 11 0|0 0 0 0|0 0 0 0|1|0||1 5 6 7 8 9 10 14 15 16 17 18 19 20 21 22 23 24 25 26 27 28 29 30 31 32 33 35 37 38 39 40 42 43 44 46 47 48 49 50 51 52 53 54 55
ply 37|0013000000231000000000000000000003021000200010000000000|10 11 11 0|0 0 0 0|0 0 0 0|2|0||1 2 5 6 7 8 9 10 14 15 16 17 18 19 20 21 22 23 24 25 26 27 28 29 30 31 32 33 35 38 39 40 42 43 44 46 47 48 49 50 51 52 53 54 55
ply 14|0013000000231200000000000000000003021000200010000000000|10 10 11 0|0 0 0 0|0 0 0 0|3|0||1 2 5 6 7 8 9 15 16 17 18 19 20 21 22 23 24 25 26 27 28 29 30 31 32 33 35 38 39 40 42 43 44 46 47 48 49 50 51 52 53 54 55
ply 25|0013000000231200000000003000000003021000200010000000000|10 10 10 0|0 0 0 0|0 0 0 0|1|0||1 5 6 7 8 9 10 15 16 17 18 19 20 21 22 23 24 26 27 28 29 30 31 32 33 35 38 39 40 42 43 44 46 47 48 49 50 51 52 53 54 55
ply 8|0013000100231200000000003000000003021000200010000000000|9 10 10 0|0 0 0 0|0 0 0 0|2|0||1 2 5 6 7 9 10 15 16 17 18 19 20 21 22 23 24 26 27 28 29 30 31 32 33 35 38 39 40 42 43 44 46 47 48 49 50 51 52 53 54 55
ply 55|0013000100231200000000003000000003021000200010000000002|9 9 10 0|0 0 0 0|0 0 0 0|3|0||1 2 5 6 7 9 15 16 17 18 19 20 21 22 23 24 26 27 28 29 30 31 32 33 35 38 39 40 42 43 44 46 47 48 49 50 51 52 53 54
ply 30|0013000100231200000000003000030003021000200010000000002|9 9 9 0|0 0 0 0|0 0 0 0|1|0||1 5 6 7 9 10 15 16 17 18 19 20 21 22 23 24 26 27 28 29 31 32 33 35 38 39 40 42 43 44 46 47 48 49 50 51 52 53 54
ply 10|0013000101231200000000003000030003021000200010000000002|8 9 9 0|0 0 0 0|0 0 0 0|2|0||1 2 5 6 7 9 15 16 17 18 19 20 21 22 23 24 26 27 28 29 31 32 33 35 38 39 40 42 43 44 46 47 48 49 50 51 52 53
ply 46|0013000101231200000000003000030003021000200012000000002|8 8 9 0|0 0 0 0|0 0 0 0|3|0||1 2 5 6 7 9 15 16 17 18 19 20 21 22 23 24 26 27 28 29 31 32 33 35 38 39 40 42 43 44 47 48 49 50 51 52 53 54
ply 43|0013000101231200000000003000030003021000203012000000002|8 8 8 0|0 0 0 0|0 0 0 0|1|0||1 5 6 7 9 15 16 18 19 20 21 22 23 24 26 27 28 29 31 32 33 35 38 39 40 42 44 47 48 49 50 51 52 53 54
ply 18|0013000101231200010000003000030003021000203012000000002|7 8 8 0|0 0 0 0|0 0 0 0|2|0||1 2 5 6 7 9 15 16 17 19 20 21 22 23 24 26 27 28 29 31 32 33 35 38 40 42 44 47 48 49 50 51 53
ply 21|0013000101231200010020003000030003021000203012000000002|7 7 8 0|0 0 0 0|0 0 0 0|3|0||1 2 5 6 7 9 15 16 17 19 20 22 23 24 26 27 28 29 31 32 33 35 38 39 40 42 44 47 48 49 50 51 52 53 54
ply 5|0013300101231200010020003000030003021000203012000000002|7 7 7 0|0 0 0 0|0 0 0 0|1|0||1 6 7 9 15 16 19 20 22 23 24 26 27 28 29 31 32 33 35 38 39 40 42 44 47 48 49 50 51 52 53 54
ply 33|0013300101231200010020003000030013021000203012000000002|6 7 7 0|0 0 0 0|0 0 0 0|2|0||1 2 6 7 9 15 16 17 19 20 22 23 24 26 27 28 29 31 32 35 38 40 42 44 47 48 49 50 51 53
ply 29|0013300101231200010020003000230013021000203012000000002|6 6 7 0|0 0 0 0|0 0 0 0|3|0||1 2 6 7 9 15 16 17 19 20 22 23 24 26 27 28 31 32 35 38 39 40 42 44 47 48 49 50 51 52 53 54
ply 2|0313300101231200010020003000230013021000203012000000002|6 6 6 0|0 0 0 0|0 0 0 0|1|0||1 6 7 9 15 16 19 20 22 23 24 26 27 28 31 32 35 38 39 40 42 44 47 48 49 50 51 52 53 54
ply 16|0313300101231201010020003000230013021000203012000000002|5 6 6 0|0 0 0 0|0 0 0 0|2|0||1 6 7 9 15 17 19 20 22 23 24 26 27 28 31 32 35 38 40 42 44 47 48 49 50 51 53
ply 27|0313300101231201010020003020230013021000203012000000002|5 5 6 0|0 0 0 0|0 0 0 0|3|0||6 7 9 15 17 19 20 22 23 24 26 28 31 32 35 38 39 40 42 44 47 48 49 50 51 52 53 54
ply 7|0313303101231201010020003020230013021000203012000000002|5 5 5 0|0 0 0 0|0 0 0 0|1|0||1 6 15 19 20 22 23 26 28 31 32 35 38 39 40 42 44 47 48 49 50 51 52 53 54 146
ply 48|0313303101231201010020003020230013021000203012010000002|4 5 5 0|0 0 0 0|0 0 0 0|2|0||1 6 9 15 17 19 20 22 23 24 26 28 31 32 35 38 40 42 44 47 49 50 51 53
ply 47|0313303101231201010020003020230013021000203012210000002|4 4 5 0|0 0 0 0|0 0 0 0|3|0||6 9 15 17 19 20 22 23 24 26 28 31 32 35 38 39 40 42 44 49 50 51 52 53 54
ply 50|0313303101231201010020003020230013021000203012210300002|4 4 4 0|0 0 0 0|0 0 0 0|1|0||1 6 15 19 20 22 23 26 28 31 32 35 38 39 40 42 44 49 51 52 53 54 146
ply 146|0313303101230000010000003020000013020000203012210300002|7 4 4 0|4 0 0 0|0 3 1 0|2|0||1 6 9 13 14 15 16 17 19 20 21 22 23 24 26 28 29 30 31 32 35 37 38 42 44 49 51 53
ply 22|0313303101230000010002003020000013020000203012210300002|7 3 4 0|4 0 0 0|0 3 1 0|3|0||6 9 13 14 15 16 17 19 20 21 23 24 26 28 29 30 31 32 35 37 38 39 40 42 44 49 51 52 53 54
ply 16|0313303101230003010002003020000013020000203012210300002|7 3 3 0|4 0 0 0|0 3 1 0|1|0||1 6 9 13 14 15 19 20 21 23 24 26 28 29 30 31 32 35 37 38 39 40 42 44 49 51 52 53 54
ply 21|0313303101230003010012003020000013020000203012210300002|6 3 3 0|4 0 0 0|0 3 1 0|2|0||1 6 9 13 14 15 17 19 20 23 24 26 28 29 30 31 32 35 37 38 42 44 49 51 53
ply 37|0313303101230003010012003020000013022000203012210300002|6 2 3 0|4 0 0 0|0 3 1 0|3|0||6 13 14 15 17 19 20 23 26 28 29 30 31 32 35 38 39 40 42 44 49 51 52 53 54
ply 28|0313303101230003010012003023000013022000203012210300002|6 2 2 0|4 0 0 0|0 3 1 0|1|0||1 6 9 13 14 15 19 20 23 24 26 29 30 31 32 35 38 39 40 42 44 49 51 52 53 54
ply 54|0313303101230003010012003023000013022000203012210300012|5 2 2 0|4 0 0 0|0 3 1 0|2|0||1 6 9 13 14 15 17 19 20 23 24 26 29 30 31 32 35 38 42 44 49 51 53
ply 30|0313303101230003010012003023020013022000203012210300012|5 1 2 0|4 0 0 0|0 3 1 0|3|0||6 13 14 15 17 19 20 23 26 29 31 32 35 38 39 40 42 44 49 51 52 53 71
ply 49|0313303101230003010012003023020013022000203012213300012|5 1 1 0|4 0 0 0|0 3 1 0|1|0||1 6 9 13 14 15 19 20 23 24 26 29 31 32 35 38 39 40 42 44 51 52
ply 20|0313303101230003010112003023020013022000203012213300012|4 1 1 0|4 0 0 0|0 3 1 0|2|0||1 6 9 13 14 15 17 19 23 24 26 29 31 32 35 38 42 44 51 53
ply 31|0313303101230003010112003023022013022000203012213300012|4 0 1 0|4 0 0 0|0 3 1 0|3|0||6 13 14 15 17 19 23 26 29 32 35 38 39 40 42 44 51 52 53 71
ply 39|0313303101230003010112003023022013022030203012213300012|4 0 0 0|4 0 0 0|0 3 1 0|1|0||1 6 9 13 14 15 19 23 24 26 29 32 35 38 40 42 44 51 52
ply 32|0313303101230003010112003023022113022030203012213300012|3 0 0 0|4 0 0 0|0 3 1 0|2|0||190
ply 190|0313303101230003010112003000000113000030200002213000010|3 6 0 0|4 4 0 0|1 3 4 0|1|0|3|1 6 9 13 14 15 19 23 24 26 27 28 29 30 31 35 36 37 38 42 43 44 45 50 51 52
ply 31|0313303101230003010112003000001113000030200002213000010|2 6 0 0|4 4 0 0|1 3 4 0|2|0||1 6 9 13 14 15 17 19 23 24 26 27 28 29 30 35 36 37 38 42 43 44 45 50 51 53 55
ply 23|0313303101230003010112203000001113000030200002213000010|2 5 0 0|4 4 0 0|1 3 4 0|1|0|3|1 6 9 13 14 15 19 24 26 27 28 29 30 35 36 37 38 42 43 44 45 50 51 52
ply 36|0313303101230003010112203000001113010030200002213000010|1 5 0 0|4 4 0 0|1 3 4 0|2|0||1 6 9 13 14 15 17 19 24 26 27 28 29 30 35 37 38 42 43 44 45 50 51 53 55
ply 19|0313303101230003012112203000001113010030200002213000010|1 4 0 0|4 4 0 0|1 3 4 0|1|0|3|1 6 9 13 14 15 24 26 27 28 29 30 35 37 38 42 43 44 45 50 51 52
ply 37|0313303101230003012112203000001113011030200002213000010|0 4 0 0|4 4 0 0|1 3 4 0|0|2||
game 4
ply 0|0000000000000000000000000000000000000000000000000000000|14 14 14 14|0 0 0 0|0 0 0 0|1|0||1 2 3 4 5 6 7 8 9 10 11 12 13 14 15 16 17 18 19 20 21 22 23 24 25 26 27 28 29 30 31 32 33 34 35 36 37 38 39 40 41 42 43 44 45 46 47 48 49 50 51 52 53 54 55
ply 28|0000000000000000000000000001000000000000000000000000000|13 14 14 14|0 0 0 0|0 0 0 0|2|0||1 2 3 4 5 6 7 8 9 10 11 12 13 14 15 16 17 18 19 20 21 22 23 24 25 26 27 29 30 31 32 33 34 35 36 37 38 39 40 41 42 43 44 45 46 47 48 49 50 51 52 53 54 55
ply 19|0000000000000000002000000001000000000000000000000000000|13 13 14 14|0 0 0 0|0 0 0 0|3|0||1 2 3 4 5 6 7 8 9 10 11 12 13 14 15 16 17 18 20 21 22 23 24 25 26 27 29 30 31 32 33 34 35 36 37 38 39 40 41 42 43 44 45 46 47 48 49 50 51 52 53 54 55
ply 29|0000000000000000002000000001300000000000000000000000000|13 13 13 14|0 0 0 0|0 0 0 0|4|0||1 2 3 4 5 6 7 8 9 10 11 12 13 14 15 16 17 18 20 21 22 23 24 25 26 27 30 31 32 33 34 35 36 37 38 39 40 41 42 43 44 45 46 47 48 49 50 51 52 53 54 55
ply 16|0000000000000004002000000001300000000000000000000000000|13 13 13 13|0 0 0 0|0 0 0 0|1|0||1 2 3 4 5 6 7 8 9 10 11 12 13 14 15 17 18 20 21 22 23 24 25 26 27 30 31 32 33 34 35 36 37 38 39 40 41 42 43 44 45 46 47 48 49 50 51 52 53 54 55
ply 12|0000000000010004002000000001300000000000000000000000000|12 13 13 13|0 0 0 0|0 0 0 0|2|0||1 2 3 4 5 6 7 8 9 10 11 13 14 15 17 18 20 21 22 23 24 25 26 27 30 31 32 33 34 35 36 37 38 39 40 41 42 43 44 45 46 47 48 49 50 51 52 53 54 55
ply 33|0000000000010004002000000001300020000000000000000000000|12 12 13 13|0 0 0 0|0 0 0 0|3|0||1 2 3 4 5 6 7 8 9 10 11 13 14 15 17 18 20 21 22 23 24 25 26 27 30 31 32 34 35 36 37 38 39 40 41 42 43 44 45 46 47 48 49 50 51 52 53 54 55
ply 55|0000000000010004002000000001300020000000000000000000003|12 12 12 13|0 0 0 0|0 0 0 0|4|0||1 2 3 4 5 6 7 8 10 11 13 14 15 17 18 20 21 22 23 25 26 27 30 31 32 34 35 36 37 38 39 40 41 42 43 44 45 46 47 48 49 50 51 52 53 54
ply 37|0000000000010004002000000001300020004000000000000000003|12 12 12 12|0 0 0 0|0 0 0 0|1|0||1 2 3 4 5 6 7 8 9 10 11 13 14 15 17 18 20 21 22 23 24 25 26 27 30 31 32 34 35 36 38 39 40 41 42 43 44 45 46 47 48 49 50 51 52 53 54
ply 36|0000000000010004002000000001300020014000000000000000003|11 12 12 12|0 0 0 0|0 0 0 0|2|0||1 2 3 4 5 6 7 8 9 10 11 13 14 15 17 18 20 21 22 23 24 25 26 27 30 31 32 34 35 38 39 40 41 42 43 44 45 46 47 48 49 50 51 52 53 54
ply 35|0000000000010004002000000001300020214000000000000000003|11 11 12 12|0 0 0 0|0 0 0 0|3|0||1 2 3 4 5 6 7 8 9 10 11 13 14 15 17 18 20 21 22 23 24 25 26 27 30 31 32 34 38 39 40 41 42 43 44 45 46 47 48 49 50 51 52 53
ply 48|0000000000010004002000000001300020214000000000030000003|11 11 11 12|0 0 0 0|0 0 0 0|4|0||1 2 3 4 5 6 7 8 10 11 13 14 15 17 18 20 21 22 23 25 26 27 30 31 32 34 38 39 40 41 42 43 44 45 46 47 49 50 51 52 53 54
ply 21|0000000000010004002040000001300020214000000000030000003|11 11 11 11|0 0 0 0|0 0 0 0|1|0||1 2 3 4 5 6 7 8 9 10 11 13 14 15 17 18 20 22 23 24 25 26 27 30 31 32 34 38 39 40 41 42 43 44 45 46 47 49 50 51 52 53 54
ply 23|0000000000010004002040100001300020214000000000030000003|10 11 11 11|0 0 0 0|0 0 0 0|2|0||1 2 3 4 5 6 7 8 9 10 11 13 14 15 17 18 20 22 24 25 26 27 30 31 32 34 38 39 40 41 42 43 44 45 46 47 49 50 51 52 53 54
ply 31|0000000000010004002040100001302020214000000000030000003|10 10 11 11|0 0 0 0|0 0 0 0|3|0||1 2 3 4 5 6 7 8 9 10 11 13 14 15 17 18 20 22 24 25 26 27 30 32 34 38 39 40 41 42 43 44 45 46 47 49 50 51 52 53
ply 30|0000000000010004002040100001332020214000000000030000003|10 10 10 11|0 0 0 0|0 0 0 0|4|0||1 2 3 4 5 6 7 8 10 11 13 14 15 17 18 20 22 25 26 27 32 34 38 39 40 41 42 43 44 45 46 47 49 50 51 52 53 54
ply 54|0000000000010004002040100001332020214000000000030000043|10 10 10 10|0 0 0 0|0 0 0 0|1|0||1 2 3 4 5 6 7 8 9 10 11 13 14 15 17 18 20 22 24 25 26 27 32 34 38 39 40 41 42 43 44 45 46 47 49 50 51 52 53
ply 8|0000000100010004002040100001332020214000000000030000043|9 10 10 10|0 0 0 0|0 0 0 0|2|0||1 2 3 4 5 6 7 9 10 11 13 14 15 17 18 20 22 24 25 26 27 32 34 38 39 40 41 42 43 44 45 46 47 49 50 51 52 53
ply 22|0000000100010004002042100001332020214000000000030000043|9 9 10 10|0 0 0 0|0 0 0 0|3|0||1 2 3 4 5 6 7 9 10 11 13 14 15 17 18 20 24 25 26 27 32 34 38 39 40 41 42 43 44 45 46 47 49 50 51 52 53
ply 9|0000000130010004002042100001332020214000000000030000043|9 9 9 10|0 0 0 0|0 0 0 0|4|0||1 2 3 4 5 6 7 10 11 13 14 15 17 18 20 25 26 27 32 34 38 39 40 41 42 43 44 45 46 47 49 50 51 52
ply 46|0000000130010004002042100001332020214000000004030000043|9 9 9 9|0 0 0 0|0 0 0 0|1|0||1 2 3 4 5 6 7 10 11 13 14 15 17 18 20 24 25 26 27 32 34 38 39 40 41 42 43 44 45 47 49 50 51 52 53
ply 32|0000000130010004002042100001332120214000000004030000043|8 9 9 9|0 0 0 0|0 0 0 0|2|0||1 2 3 4 5 6 7 10 11 13 14 15 17 18 20 24 25 26 27 34 38 39 40 41 42 43 44 45 47 49 50 51 52 53
ply 3|0020000130010004002042100001332120214000000004030000043|8 8 9 9|0 0 0 0|0 0 0 0|3|0||1 2 4 5 6 7 10 11 13 14 15 17 18 20 24 25 26 27 34 38 39 40 41 42 43 44 45 47 49 50 51 52 53
ply 10|0020000133010004002042100001332120214000000004030000043|8 8 8 9|0 0 0 0|0 0 0 0|4|0||1 2 4 5 6 7 11 13 14 15 17 18 20 25 26 27 34 38 40 41 42 43 44 45 47 49 50 51
ply 47|0020000133010004002042100001332120214000000004430000043|8 8 8 8|0 0 0 0|0 0 0 0|1|0||1 2 4 5 6 7 11 13 14 15 17 18 20 24 25 26 27 34 38 39 41 42 43 44 45 49 50 51 52 53
ply 24|0020000133010004002042110001332120214000000004430000043|7 8 8 8|0 0 0 0|0 0 0 0|2|0||1 4 5 6 7 11 13 14 15 17 18 20 25 26 27 34 38 39 40 41 42 43 44 45 49 50 51 52 53
ply 52|0020000133010004002042110001332120214000000004430002043|7 7 8 8|0 0 0 0|0 0 0 0|3|0||1 2 5 6 7 11 13 14 15 18 20 25 26 27 34 38 39 40 41 42 43 44 45 49 50 51 53
ply 5|0020300133010004002042110001332120214000000004430002043|7 7 7 8|0 0 0 0|0 0 0 0|4|0||1 2 4 6 7 11 13 14 15 17 18 20 25 26 27 34 38 41 42 43 44 45 49 50 51
ply 13|0020300133014004002042110001332120214000000004430002043|7 7 7 7|0 0 0 0|0 0 0 0|1|0||1 2 4 6 7 11 14 15 17 18 20 25 26 27 34 38 39 41 42 43 44 45 49 50 51 53
ply 34|0020300133014004002042110001332121214000000004430002043|6 7 7 7|0 0 0 0|0 0 0 0|2|0||1 4 6 7 11 14 15 17 18 20 25 26 27 38 39 40 41 42 43 44 45 49 50 51 53 101
ply 101|0020300133014004000042110001332100014000000004430002043|6 10 7 7|0 1 0 0|1 0 0 0|3|0||1 2 6 7 11 14 15 18 19 20 25 26 27 33 34 35 38 39 40 41 42 43 44 45 49 50 51 53
ply 1|3020300133014004000042110001332100014000000004430002043|6 10 6 7|0 1 0 0|1 0 0 0|4|0||2 4 6 7 11 14 15 17 18 19 20 25 26 27 33 34 35 38 41 42 43 44 45 49 50 51 146
ply 146|3020300133010000000000010001002100010000000004430002043|6 10 6 11|0 1 0 4|2 1 2 0|1|0||2 4 6 7 11 13 14 15 17 18 19 20 21 22 23 25 26 27 29 30 33 34 35 37 38 39 41 42 43 44 45 49 50 51 53
ply 50|3020300133010000000000010001002100010000000004430102043|5 10 6 11|0 1 0 4|2 1 2 0|2|0||4 6 7 11 13 14 15 16 17 18 19 20 21 22 23 25 26 27 29 30 33 34 35 37 38 39 40 41 42 43 44 45 49 51 53
ply 53|3020300133010000000000010001002100010000000004430102243|5 9 6 11|0 1 0 4|2 1 2 0|3|0||6 7 11 13 14 15 18 19 20 21 22 23 25 26 27 29 30 33 34 35 37 38 39 40 41 42 43 44 45 49 51
ply 29|3020300133010000000000010001302100010000000004430102243|5 9 5 11|0 1 0 4|2 1 2 0|4|0||2 4 6 7 11 13 14 15 16 17 18 19 20 21 22 23 25 26 27 30 33 34 35 37 38 41 42 43 44 45 49 51
ply 44|3020300133010000000000010001302100010000000404430102243|5 9 5 10|0 1 0 4|2 1 2 0|1|0||2 4 6 7 11 13 14 15 17 18 19 20 21 22 23 25 26 27 30 33 34 35 37 38 39 41 42 43 45 49 51
ply 25|3020300133010000000000011001302100010000000404430102243|4 9 5 10|0 1 0 4|2 1 2 0|2|0||4 6 7 11 13 14 15 16 17 18 19 20 21 22 23 26 27 30 33 34 35 37 38 39 40 41 42 43 45 49 51
ply 49|3020300133010000000000011001302100010000000404432102243|4 8 5 10|0 1 0 4|2 1 2 0|3|0||6 7 11 13 14 15 18 19 20 21 22 23 26 27 30 33 34 35 37 38 39 40 41 42 43 45 51
ply 7|3020303133010000000000011001302100010000000404432102243|4 8 4 10|0 1 0 4|2 1 2 0|4|0||2 4 6 11 13 14 15 16 17 18 19 20 21 22 23 26 27 30 33 34 35 37 38 41 42 43 45 51
ply 27|3020303133010000000000011041302100010000000404432102243|4 8 4 9|0 1 0 4|2 1 2 0|1|0||2 4 6 11 13 14 15 17 18 19 20 21 22 23 26 30 33 34 35 37 38 39 41 42 43 45 51
ply 4|3021303133010000000000011041302100010000000404432102243|3 8 4 9|0 1 0 4|2 1 2 0|2|0||6 11 13 14 15 16 17 18 19 20 21 22 23 26 30 33 34 35 37 38 39 40 41 42 43 45 51
ply 26|3021303133010000000000011241302100010000000404432102243|3 7 4 9|0 1 0 4|2 1 2 0|3|0||6 11 13 14 15 18 19 20 21 22 23 30 33 34 35 37 38 39 40 41 42 43 45 51
ply 43|3021303133010000000000011241302100010000003404432102243|3 7 3 9|0 1 0 4|2 1 2 0|4|0||2 6 11 13 14 15 16 17 18 19 20 21 22 23 30 33 34 35 37 38 41 42 45 51
ply 38|3021303133010000000000011241302100010400003404432102243|3 7 3 8|0 1 0 4|2 1 2 0|1|0||2 6 11 13 14 15 17 18 19 20 21 22 23 30 33 34 35 37 39 41 42 45 51
ply 14|3021303133010100000000011241302100010400003404432102243|2 7 3 8|0 1 0 4|2 1 2 0|2|0||6 11 13 15 16 17 18 19 20 21 22 23 30 33 34 35 37 39 40 41 42 45 51
ply 35|3021303133010100000000011241302100210400003404432102243|2 6 3 8|0 1 0 4|2 1 2 0|3|0||6 11 13 15 18 19 20 21 22 23 30 33 34 37 39 40 41 42 45 51
ply 15|3021303133010130000000011241302100210400003404432102243|2 6 2 8|0 1 0 4|2 1 2 0|4|0||2 6 11 13 16 17 18 19 20 21 22 23 30 33 34 37 41 42 45 51
ply 16|3021303133010134000000011241302100210400003404432102243|2 6 2 7|0 1 0 4|2 1 2 0|1|0||2 6 11 13 17 18 19 20 21 22 23 30 33 34 37 39 41 42 45 51
ply 21|3021303133010134000010011241302100210400003404432102243|1 6 2 7|0 1 0 4|2 1 2 0|2|0||6 11 13 17 18 19 20 22 23 30 33 34 37 39 40 41 42 45 51
ply 45|3021303133010134000010011241302100210400003424432102243|1 5 2 7|0 1 0 4|2 1 2 0|3|0||6 11 13 18 19 20 22 23 30 33 34 37 39 40 41 42 51
ply 37|3021303133010134000010011241302100213400003424432102243|1 5 1 7|0 1 0 4|2 1 2 0|4|0||2 6 11 13 17 18 19 20 22 23 30 33 34 41 42 51
ply 20|3021303133010134000410011241302100213400003424432102243|1 5 1 6|0 1 0 4|2 1 2 0|1|0||2 6 11 13 17 18 19 22 23 30 33 34 39 41 42 51 124
ply 33|3021303133010134000410011241302110213400003424432102243|0 5 1 6|0 1 0 4|2 1 2 0|2|0||6 11 13 17 18 19 22 23 30 34 39 40 41 42 51
ply 23|3021303133010134000410211241302110213400003424432102243|0 4 1 6|0 1 0 4|2 1 2 0|3|0||6 11 13 18 19 22 30 34 39 40 41 42 51
ply 39|3021303133010134000410211241302110213430003424432102243|0 4 0 6|0 1 0 4|2 1 2 0|4|0||2 6 11 13 17 18 19 22 30 34 41 42 51
ply 11|3021303133410134000410211241302110213430003424432102243|0 4 0 5|0 1 0 4|2 1 2 0|1|0||88 124
ply 88|3021303133400134000010211000302100003430003424432102243|4 4 0 5|4 1 0 4|2 3 2 2|2|0||6 12 13 17 18 19 20 22 26 27 28 30 33 34 35 36 40 41 42 51
ply 30|3021303133400134000010211000322100003430003424432102243|4 3 0 5|4 1 0 4|2 3 2 2|4|0|3|2 6 12 13 17 18 19 20 22 26 27 28 33 34 35 36 41 42 51
ply 13|3021303133404134000010211000322100003430003424432102243|4 3 0 4|4 1 0 4|2 3 2 2|1|0||2 6 12 17 18 19 20 22 26 27 28 33 34 35 36 41 42 51
ply 12|3021303133414134000010211000322100003430003424432102243|3 3 0 4|4 1 0 4|2 3 2 2|2|0||6 17 18 19 20 22 26 27 28 33 34 35 36 40 41 42 51
ply 28|3021303133414134000010211002322100003430003424432102243|3 2 0 4|4 1 0 4|2 3 2 2|4|0|3|2 6 17 18 19 20 22 26 27 33 34 35 36 41 42 51
ply 2|3421303133414134000010211002322100003430003424432102243|3 2 0 3|4 1 0 4|2 3 2 2|1|0||6 17 18 19 20 22 26 27 33 34 35 36 41 42 51
ply 34|3421303133414134000010211002322101003430003424432102243|2 2 0 3|4 1 0 4|2 3 2 2|2|0||6 17 18 19 20 22 26 27 33 35 36 40 41 42 51
ply 26|3421303133414134000010211202322101003430003424432102243|2 1 0 3|4 1 0 4|2 3 2 2|4|0|3|6 17 18 19 20 22 27 33 35 36 41 42 51
ply 19|3421303133414134004010211202322101003430003424432102243|2 1 0 2|4 1 0 4|2 3 2 2|1|0||6 17 18 20 22 27 33 35 36 41 42 51
ply 41|3421303133414134004010211202322101003430103424432102243|1 1 0 2|4 1 0 4|2 3 2 2|2|0||6 17 18 20 22 27 33 35 36 40 42 51
ply 20|3421303133414134004210211202322101003430103424432102243|1 0 0 2|4 1 0 4|2 3 2 2|4|0|3|6 17 18 22 27 33 35 36 42 51
ply 35|3421303133414134004210211202322101403430103424432102243|1 0 0 1|4 1 0 4|2 3 2 2|1|0||6 17 18 22 27 33 36 42 51
ply 17|3421303133414134104210211202322101403430103424432102243|0 0 0 1|4 1 0 4|2 3 2 2|2|0||66
ply 66|3401300033410004104000011202322101403430103424432102243|0 3 0 1|4 7 0 4|5 3 4 3|4|0|3|6 7 8 13 14 15 18 20 21 22 23 27 33 36 42 51
ply 15|3401300033410044104000011202322101403430103424432102243|0 3 0 0|4 7 0 4|5 3 4 3|0|2||
game 2
ply 0|0000000000000000000000000000000000000000000000000000000|14 14 0 0|0 0 0 0|0 0 0 0|1|0||1 2 3 4 5 6 7 8 9 10 11 12 13 14 15 16 17 18 19 20 21 22 23 24 25 26 27 28 29 30 31 32 33 34 35 36 37 38 39 40 41 42 43 44 45 46 47 48 49 50 51 52 53 54 55
ply 36|0000000000000000000000000000000000010000000000000000000|13 14 0 0|0 0 0 0|0 0 0 0|2|0||1 2 3 4 5 6 7 8 9 10 11 12 13 14 15 16 17 18 19 20 21 22 23 24 25 26 27 28 29 30 31 32 33 34 35 37 38 39 40 41 42 43 44 45 46 47 48 49 50 51 52 53 54 55
ply 27|0000000000000000000000000020000000010000000000000000000|13 13 0 0|0 0 0 0|0 0 0 0|1|0||1 2 3 4 5 6 7 8 9 10 11 12 13 14 15 16 17 18 19 20 21 22 23 24 25 26 28 29 30 31 32 33 34 35 37 38 39 40 41 42 43 44 45 46 47 48 49 50 51 52 53 54 55
ply 14|0000000000000100000000000020000000010000000000000000000|12 13 0 0|0 0 0 0|0 0 0 0|2|0||1 2 3 4 5 6 7 8 9 10 11 12 13 15 16 17 18 19 20 21 22 23 24 25 26 28 29 30 31 32 33 34 35 37 38 39 40 41 42 43 44 45 46 47 48 49 50 51 52 53 54 55
ply 55|0000000000000100000000000020000000010000000000000000002|12 12 0 0|0 0 0 0|0 0 0 0|1|0||1 2 3 4 5 6 7 8 9 10 11 12 13 15 16 17 18 19 20 21 22 23 24 25 26 28 29 30 31 32 33 34 35 37 38 39 40 41 42 43 44 45 46 47 48 49 50 51 52 53 54
ply 50|0000000000000100000000000020000000010000000000000100002|11 12 0 0|0 0 0 0|0 0 0 0|2|0||1 2 3 4 5 6 7 8 9 10 11 12 13 15 16 17 18 19 20 21 22 23 24 25 26 28 29 30 31 32 33 34 35 37 38 39 40 41 42 43 44 45 46 47 48 49 51 52 53
ply 42|0000000000000100000000000020000000010000020000000100002|11 11 0 0|0 0 0 0|0 0 0 0|1|0||1 2 3 4 5 6 7 8 9 10 11 12 13 15 16 17 18 19 20 21 22 23 24 25 26 28 29 30 31 32 33 34 35 37 38 39 40 41 43 44 45 46 47 48 49 51 52 53 54
ply 16|0000000000000101000000000020000000010000020000000100002|10 11 0 0|0 0 0 0|0 0 0 0|2|0||1 2 3 4 5 6 7 8 9 10 11 12 13 15 17 18 19 20 21 22 23 24 25 26 28 29 30 31 32 33 34 35 37 38 39 40 41 43 44 45 46 47 48 49 51 52 53
ply 45|0000000000000101000000000020000000010000020020000100002|10 10 0 0|0 0 0 0|0 0 0 0|1|0||1 2 3 4 5 6 7 8 10 11 12 13 15 17 18 19 20 21 22 23 25 26 28 29 30 31 32 33 34 35 37 38 39 40 41 43 44 46 47 48 49 51 52 53 54
ply 32|0000000000000101000000000020000100010000020020000100002|9 10 0 0|0 0 0 0|0 0 0 0|2|0||1 2 3 4 5 6 7 8 9 10 11 12 13 15 17 18 19 20 21 22 23 24 25 26 28 29 30 31 33 34 35 37 38 39 40 41 43 44 46 47 48 49 51 52 53
ply 12|0000000000020101000000000020000100010000020020000100002|9 9 0 0|0 0 0 0|0 0 0 0|1|0||1 2 3 4 5 6 7 8 10 11 13 15 17 18 19 20 21 22 23 25 26 28 29 30 31 33 34 35 37 38 39 41 43 44 46 47 48 49 51 52 53 54
ply 43|0000000000020101000000000020000100010000021020000100002|8 9 0 0|0 0 0 0|0 0 0 0|2|0||1 2 3 4 5 6 7 8 9 10 11 13 15 17 18 19 20 21 22 23 24 25 26 28 29 30 31 33 34 35 37 38 39 40 41 44 46 47 48 49 51 52 53
ply 7|0000002000020101000000000020000100010000021020000100002|8 8 0 0|0 0 0 0|0 0 0 0|1|0||1 2 3 4 5 6 8 10 11 13 15 17 18 19 20 21 22 23 25 26 28 29 30 31 33 34 35 37 38 39 41 44 46 47 48 49 51 52 53 54
ply 31|0000002000020101000000000020001100010000021020000100002|7 8 0 0|0 0 0 0|0 0 0 0|2|0||1 2 3 4 5 6 8 9 10 11 13 15 17 18 19 20 21 22 23 24 25 26 28 29 30 33 34 35 37 38 39 40 41 44 46 47 48 49 51 52 53
ply 10|0000002002020101000000000020001100010000021020000100002|7 7 0 0|0 0 0 0|0 0 0 0|1|0||1 2 3 4 5 6 8 11 13 15 17 18 19 20 21 22 23 25 26 28 29 30 33 34 35 37 38 39 41 44 46 47 48 49 51 52 53 54
ply 3|0010002002020101000000000020001100010000021020000100002|6 7 0 0|0 0 0 0|0 0 0 0|2|0||1 2 5 6 8 9 11 13 15 18 19 20 21 22 23 24 25 26 28 29 30 33 34 35 37 38 39 40 41 44 46 47 48 49 51 52 53
ply 24|0010002002020101000000020020001100010000021020000100002|6 6 0 0|0 0 0 0|0 0 0 0|1|0||1 4 5 6 8 11 13 15 17 18 19 20 21 22 23 25 26 28 29 30 33 34 35 37 38 39 41 44 46 47 48 49 51 52 53 54
ply 26|0010002002020101000000020120001100010000021020000100002|5 6 0 0|0 0 0 0|0 0 0 0|2|0||1 2 5 6 8 9 11 13 15 18 19 20 21 22 23 25 28 29 30 33 34 35 37 38 39 40 41 44 46 47 48 49 51 52 53
ply 29|0010002002020101000000020120201100010000021020000100002|5 5 0 0|0 0 0 0|0 0 0 0|1|0||1 4 5 6 8 11 13 15 17 18 19 20 21 22 23 25 28 30 33 34 35 37 38 39 41 44 46 47 48 49 51 52 53 54
ply 1|1010002002020101000000020120201100010000021020000100002|4 5 0 0|0 0 0 0|0 0 0 0|2|0||2 5 6 8 9 11 13 15 18 19 20 21 22 23 25 28 30 33 34 35 37 38 39 40 41 44 46 47 48 49 51 52 53
ply 13|1010002002022101000000020120201100010000021020000100002|4 4 0 0|0 0 0 0|0 0 0 0|1|0||4 5 6 8 11 15 17 18 19 20 21 22 23 25 28 30 33 34 35 37 38 39 41 44 46 47 48 49 51 52 53 54
ply 6|1010012002022101000000020120201100010000021020000100002|3 4 0 0|0 0 0 0|0 0 0 0|2|0||2 5 8 9 11 15 18 19 20 21 22 23 25 28 30 33 34 35 37 38 39 40 41 44 46 47 48 49 51 52 53
ply 46|1010012002022101000000020120201100010000021022000100002|3 3 0 0|0 0 0 0|0 0 0 0|1|0||4 5 8 11 15 17 18 19 20 21 22 23 25 28 30 33 34 35 37 38 39 41 44 47 48 49 51 52 53 54
ply 5|1010112002022101000000020120201100010000021022000100002|2 3 0 0|0 0 0 0|0 0 0 0|2|0||2 8 9 11 15 18 19 20 21 22 23 25 28 30 33 34 35 37 38 40 41 44 47 48 49 51 53
ply 48|1010112002022101000000020120201100010000021022020100002|2 2 0 0|0 0 0 0|0 0 0 0|1|0||4 8 11 15 17 18 19 20 21 22 23 25 28 30 33 34 35 37 38 39 41 44 47 49 51 52 53 54 72
ply 72|1010012002002101000000020000201000000000021022020100002|6 2 0 0|2 0 0 0|0 2 0 0|2|0||2 5 8 9 11 12 15 18 19 20 21 22 23 25 26 27 28 30 32 33 34 35 36 37 38 40 41 44 47 49 51 53
ply 21|1010012002002101000020020000201000000000021022020100002|6 1 0 0|2 0 0 0|0 2 0 0|1|0||4 5 8 11 12 15 17 18 19 20 22 23 25 26 27 28 30 32 33 34 35 36 37 38 39 40 41 44 47 49 51 52 53 54
ply 32|1010012002002101000020020000201100000000021022020100002|5 1 0 0|2 0 0 0|0 2 0 0|2|0||2 5 8 9 11 12 15 18 19 20 22 23 25 26 27 28 30 33 34 35 36 37 38 40 41 44 47 49 51 53 109 162
ply 25|1010012002002101000020022000201100000000021022020100002|5 0 0 0|2 0 0 0|0 2 0 0|1|0||4 5 8 11 12 15 17 18 19 20 22 23 26 27 28 30 33 34 35 36 37 38 39 41 44 47 49 51 52 53 54
ply 39|1010012002002101000020022000201100000010021022020100002|4 0 0 0|2 0 0 0|0 2 0 0|2|0||109 162
ply 109|1010012002002101000000022000001100000010000002020100002|4 4 0 0|2 1 0 0|1 2 0 0|1|0||4 5 8 11 12 15 17 18 19 20 21 22 23 26 27 28 29 30 33 34 35 36 37 38 41 42 43 44 45 47 49 51 52 53 54
ply 20|1010012002002101000100022000001100000010000002020100002|3 4 0 0|2 1 0 0|1 2 0 0|2|0||2 5 8 9 11 12 15 18 19 21 22 23 26 27 28 29 30 33 34 35 36 37 38 40 41 42 43 44 45 47 49 51 53
ply 15|1010012002002121000100022000001100000010000002020100002|3 3 0 0|2 1 0 0|1 2 0 0|1|0||4 5 8 11 12 17 18 19 21 22 23 26 27 28 29 30 33 34 35 36 37 38 41 42 43 44 45 47 49 51 52 53 54
ply 43|1010012002002121000100022000001100000010001002020100002|2 3 0 0|2 1 0 0|1 2 0 0|2|0||2 5 8 9 11 12 18 19 21 22 23 26 27 28 29 30 33 34 35 36 37 38 40 41 42 44 45 47 49 51 53
ply 40|1010012002002121000100022000001100000012001002020100002|2 2 0 0|2 1 0 0|1 2 0 0|1|0||4 5 8 11 12 17 18 19 21 22 23 26 27 28 29 30 33 34 35 36 37 38 41 42 44 45 47 49 51 52 53 54
ply 35|1010012002002121000100022000001100100012001002020100002|1 2 0 0|2 1 0 0|1 2 0 0|2|0||2 5 8 9 11 12 18 19 21 22 23 26 27 28 29 30 33 34 36 37 38 41 42 44 45 49 51 53
ply 53|1010012002002121000100022000001100100012001002020100202|1 1 0 0|2 1 0 0|1 2 0 0|1|0||4 5 8 11 12 17 18 19 21 22 23 26 27 28 29 30 33 34 36 37 38 41 42 44 45 47 49 51 52 54
ply 49|1010012002002121000100022000001100100012001002021100202|0 1 0 0|2 1 0 0|1 2 0 0|0|2||
game 2
ply 0|0000000000000000000000000000000000000000000000000000000|14 14 0 0|0 0 0 0|0 0 0 0|1|0||1 2 3 4 5 6 7 8 9 10 11 12 13 14 15 16 17 18 19 20 21 22 23 24 25 26 27 28 29 30 31 32 33 34 35 36 37 38 39 40 41 42 43 44 45 46 47 48 49 50 51 52 53 54 55
ply 54|0000000000000000000000000000000000000000000000000000010|13 14 0 0|0 0 0 0|0 0 0 0|2|0||1 2 3 4 5 6 7 8 9 10 11 12 13 14 15 16 17 18 19 20 21 22 23 24 25 26 27 28 29 30 31 32 33 34 35 36 37 38 39 40 41 42 43 44 45 46 47 48 49 50 51 52 53 55
ply 25|0000000000000000000000002000000000000000000000000000010|13 13 0 0|0 0 0 0|0 0 0 0|1|0||1 2 3 4 5 6 7 8 9 10 11 12 13 14 15 16 17 18 19 20 21 22 23 24 26 27 28 29 30 31 32 33 34 35 36 37 38 39 40 41 42 43 44 45 46 47 48 49 50 51 52
ply 30|0000000000000000000000002000010000000000000000000000010|12 13 0 0|0 0 0 0|0 0 0 0|2|0||1 2 3 4 5 6 7 8 9 10 11 12 13 14 15 16 17 18 19 20 21 22 23 24 26 27 28 29 31 32 33 34 35 36 37 38 39 40 41 42 43 44 45 46 47 48 49 50 51 52 53 55
ply 22|0000000000000000000002002000010000000000000000000000010|12 12 0 0|0 0 0 0|0 0 0 0|1|0||1 2 3 4 5 6 7 8 9 10 11 12 13 14 15 16 17 18 19 20 21 23 24 26 27 28 29 31 32 33 34 35 36 37 38 39 40 41 42 43 44 45 46 47 48 49 50 51 52
ply 14|0000000000000100000002002000010000000000000000000000010|11 12 0 0|0 0 0 0|0 0 0 0|2|0||1 2 3 4 5 6 7 8 9 10 11 12 13 15 16 17 18 19 20 21 23 24 26 27 28 29 31 32 33 34 35 36 37 38 39 40 41 42 43 44 45 46 47 48 49 50 51 52 53 55
ply 17|0000000000000100200002002000010000000000000000000000010|11 11 0 0|0 0 0 0|0 0 0 0|1|0||1 2 3 4 5 6 7 8 9 10 11 12 13 15 16 18 19 20 21 23 24 26 27 28 29 31 32 33 34 35 36 37 38 39 40 41 42 43 44 45 46 47 48 49 50 51 52
ply 40|0000000000000100200002002000010000000001000000000000010|10 11 0 0|0 0 0 0|0 0 0 0|2|0||1 2 3 4 5 6 7 8 9 11 12 13 15 16 18 19 20 21 23 24 26 27 28 29 31 32 33 34 35 36 37 38 39 41 42 43 44 45 46 47 48 49 50 51 52 53 55
ply 12|0000000000020100200002002000010000000001000000000000010|10 10 0 0|0 0 0 0|0 0 0 0|1|0||1 2 3 4 5 6 7 8 9 10 11 13 15 16 18 19 20 21 23 24 26 27 28 29 31 33 34 35 36 37 38 39 41 42 43 44 45 46 48 49 50 51 52
ply 7|0000001000020100200002002000010000000001000000000000010|9 10 0 0|0 0 0 0|0 0 0 0|2|0||1 2 3 4 5 6 8 9 11 13 15 16 18 19 20 21 23 24 26 27 28 29 31 32 33 34 35 36 37 38 39 41 42 43 44 45 46 47 48 49 50 51 52 53 55
ply 38|0000001000020100200002002000010000000201000000000000010|9 9 0 0|0 0 0 0|0 0 0 0|1|0||1 2 3 4 5 6 8 9 10 11 13 15 16 18 19 20 21 23 24 26 27 28 29 31 33 34 35 36 37 39 41 42 43 44 45 46 48 49 50 51 52
ply 29|0000001000020100200002002000110000000201000000000000010|8 9 0 0|0 0 0 0|0 0 0 0|2|0||1 2 3 4 5 6 8 9 11 13 15 16 18 19 20 21 23 24 26 27 28 31 32 33 34 35 36 37 39 41 42 43 44 45 46 47 48 49 50 51 52 53 55
ply 16|0000001000020102200002002000110000000201000000000000010|8 8 0 0|0 0 0 0|0 0 0 0|1|0||1 2 3 4 5 6 8 9 10 11 13 15 18 19 20 21 23 24 26 27 28 31 33 34 35 36 37 39 41 42 43 44 45 46 48 49 50 51 52
ply 15|0000001000020112200002002000110000000201000000000000010|7 8 0 0|0 0 0 0|0 0 0 0|2|0||1 2 3 4 5 6 8 11 13 18 19 20 21 23 26 27 28 31 32 33 34 35 36 37 39 41 42 43 44 45 46 47 48 49 50 51 52 53 55
ply 49|0000001000020112200002002000110000000201000000002000010|7 7 0 0|0 0 0 0|0 0 0 0|1|0||1 2 3 4 5 6 8 9 10 11 13 18 19 20 21 23 24 26 27 28 31 33 34 35 36 37 39 41 42 43 44 45 46 48 50 51 52
ply 2|0100001000020112200002002000110000000201000000002000010|6 7 0 0|0 0 0 0|0 0 0 0|2|0||1 3 4 5 6 8 11 13 18 19 20 21 23 26 27 28 31 32 33 34 35 36 37 39 41 42 43 44 45 46 47 48 50 51 52 53 55
ply 20|0100001000020112200202002000110000000201000000002000010|6 6 0 0|0 0 0 0|0 0 0 0|1|0||4 5 6 8 9 10 11 13 18 19 21 23 24 26 27 28 31 33 34 35 36 37 39 41 42 43 44 45 46 48 50 51 52
ply 34|0100001000020112200202002000110001000201000000002000010|5 6 0 0|0 0 0 0|0 0 0 0|2|0||1 3 4 5 6 8 11 13 18 19 21 23 26 27 28 31 32 33 35 36 37 39 41 42 43 44 45 46 47 48 50 51 52 53 55
ply 42|0100001000020112200202002000110001000201020000002000010|5 5 0 0|0 0 0 0|0 0 0 0|1|0||4 5 6 8 9 10 11 13 18 19 21 23 24 26 27 28 31 33 35 36 37 39 41 43 44 45 46 48 50 51 52
ply 33|0100001000020112200202002000110011000201020000002000010|4 5 0 0|0 0 0 0|0 0 0 0|2|0||1 3 4 5 6 8 11 13 18 19 21 23 26 27 28 31 32 35 36 37 39 41 43 44 45 46 47 48 50 51 52 53 55
ply 36|0100001000020112200202002000110011020201020000002000010|4 4 0 0|0 0 0 0|0 0 0 0|1|0||4 5 6 8 9 10 11 13 18 19 21 23 24 26 27 28 31 35 37 39 41 43 44 45 46 48 50 51 52
ply 44|0100001000020112200202002000110011020201020100002000010|3 4 0 0|0 0 0 0|0 0 0 0|2|0||1 3 4 5 6 8 11 13 18 19 21 23 26 27 28 31 32 35 37 39 41 43 45 46 47 48 50 51 52 53 55 112 141
ply 41|0100001000020112200202002000110011020201220100002000010|3 3 0 0|0 0 0 0|0 0 0 0|1|0||4 5 6 8 9 10 11 13 18 19 21 23 24 26 27 28 31 35 37 39 43 45 46 48 50 51 52
ply 43|0100001000020112200202002000110011020201221100002000010|2 3 0 0|0 0 0 0|0 0 0 0|2|0||1 3 4 5 6 8 11 13 18 19 21 23 26 27 28 31 32 35 37 39 45 46 47 48 50 51 52 53 55 112 141 149
ply 112|0100001000020112200200002000000011000001221100002000010|2 6 0 0|0 2 0 0|2 0 0 0|1|0||4 5 6 8 9 10 11 13 18 19 21 22 23 24 26 27 28 29 30 31 35 36 37 38 39 45 46 48 50 51 52
ply 51|0100001000020112200200002000000011000001221100002010010|1 6 0 0|0 2 0 0|2 0 0 0|2|0||1 3 4 5 6 8 11 13 18 19 21 22 23 26 27 28 29 30 31 32 35 36 37 38 39 45 46 47 48 50 52 53 55 149
ply 149|0100001000020112000000000000000000000001021100002010010|1 10 0 0|0 4 0 0|4 0 0 0|1|0||4 5 6 8 9 10 11 13 17 18 19 20 21 22 23 24 25 26 27 28 29 30 31 33 34 35 36 37 38 39 41 45 46 48 50 52
ply 9|0100001010020112000000000000000000000001021100002010010|0 10 0 0|0 4 0 0|4 0 0 0|0|2||
game 3
ply 0|0000000000000000000000000000000000000000000000000000000|14 14 14 0|0 0 0 0|0 0 0 0|1|0||1 2 3 4 5 6 7 8 9 10 11 12 13 14 15 16 17 18 19 20 21 22 23 24 25 26 27 28 29 30 31 32 33 34 35 36 37 38 39 40 41 42 43 44 45 46 47 48 49 50 51 52 53 54 55
ply 49|0000000000000000000000000000000000000000000000001000000|13 14 14 0|0 0 0 0|0 0 0 0|2|0||1 2 3 4 5 6 7 8 9 10 11 12 13 14 15 16 17 18 19 20 21 22 23 24 25 26 27 28 29 30 31 32 33 34 35 36 37 38 39 40 41 42 43 44 45 46 47 48 50 51 52 53 54 55
ply 29|0000000000000000000000000000200000000000000000001000000|13 13 14 0|0 0 0 0|0 0 0 0|3|0||1 2 3 4 5 6 7 8 9 10 11 12 13 14 15 16 17 18 19 20 21 22 23 24 25 26 27 28 30 31 32 33 34 35 36 37 38 39 40 41 42 43 44 45 46 47 48 50 51 52 53 54 55
ply 31|0000000000000000000000000000203000000000000000001000000|13 13 13 0|0 0 0 0|0 0 0 0|1|0||1 2 3 4 5 6 7 8 9 10 11 12 13 14 15 16 17 18 19 20 21 22 23 24 25 26 27 28 30 32 33 34 35 36 37 38 39 40 41 42 43 44 45 46 47 48 50 51 52 53 54 55
ply 9|0000000010000000000000000000203000000000000000001000000|12 13 13 0|0 0 0 0|0 0 0 0|2|0||1 2 3 4 5 6 7 8 10 11 12 13 14 15 16 17 18 19 20 21 22 23 24 25 26 27 28 30 32 33 34 35 36 37 38 39 40 41 42 43 44 45 46 47 48 50 51 52 53 54 55
ply 7|0000002010000000000000000000203000000000000000001000000|12 12 13 0|0 0 0 0|0 0 0 0|3|0||1 2 3 4 5 6 8 10 11 12 13 14 15 16 17 18 19 20 21 22 23 24 25 26 27 28 30 32 33 34 35 36 37 38 39 40 41 42 43 44 45 46 47 48 50 51 52 53 54 55
ply 45|0000002010000000000000000000203000000000000030001000000|12 12 12 0|0 0 0 0|0 0 0 0|1|0||1 2 3 4 5 6 8 10 11 12 13 14 15 17 18 19 20 21 22 23 24 25 26 27 28 30 32 33 34 35 36 37 38 39 40 41 42 43 44 46 47 48 50 51 52 53 54 55
ply 14|0000002010000100000000000000203000000000000030001000000|11 12 12 0|0 0 0 0|0 0 0 0|2|0||1 2 3 4 5 6 8 10 11 12 13 15 16 17 18 19 20 21 22 23 24 25 26 27 28 30 32 33 34 35 36 37 38 39 40 41 42 43 44 46 47 48 50 51 52 53 54 55
ply 2|0200002010000100000000000000203000000000000030001000000|11 11 12 0|0 0 0 0|0 0 0 0|3|0||1 3 4 5 6 8 10 11 12 13 15 16 17 18 19 20 21 22 23 24 25 26 27 28 30 32 33 34 35 36 37 38 39 40 41 42 43 44 46 47 48 50 51 52 53 54 55
ply 26|0200002010000100000000000300203000000000000030001000000|11 11 11 0|0 0 0 0|0 0 0 0|1|0||1 3 4 5 6 8 10 11 12 13 15 17 18 19 20 21 22 23 24 25 27 28 30 32 33 34 35 36 37 38 39 40 41 42 43 44 46 47 48 50 51 52 53 54 55
ply 22|0200002010000100000001000300203000000000000030001000000|10 11 11 0|0 0 0 0|0 0 0 0|2|0||4 5 6 8 10 11 12 13 15 16 17 18 19 20 21 23 24 25 27 28 30 32 33 34 35 36 37 38 39 40 41 42 43 44 46 47 48 50 51 52 53 54 55
ply 28|0200002010000100000001000302203000000000000030001000000|10 10 11 0|0 0 0 0|0 0 0 0|3|0||1 3 4 5 6 8 10 11 12 13 15 16 17 18 19 20 21 23 24 25 27 30 32 33 34 35 36 37 38 39 40 41 42 43 44 46 47 48 50 51 52 53 54 55
ply 27|0200002010000100000001000332203000000000000030001000000|10 10 10 0|0 0 0 0|0 0 0 0|1|0||1 3 4 5 6 8 10 11 12 13 15 17 18 19 20 21 23 24 25 30 32 33 34 35 36 37 38 39 40 41 42 43 44 46 47 48 50 51 52 53 54 55
ply 4|0201002010000100000001000332203000000000000030001000000|9 10 10 0|0 0 0 0|0 0 0 0|2|0||5 6 8 10 11 12 13 15 16 17 18 19 20 21 23 24 25 30 32 33 34 35 36 37 38 39 40 41 42 43 44 46 47 48 50 51 52 53 54 55
ply 16|0201002010000102000001000332203000000000000030001000000|9 9 10 0|0 0 0 0|0 0 0 0|3|0||1 3 5 6 8 10 11 12 13 15 17 18 19 20 21 23 24 25 30 32 33 34 35 36 37 38 39 40 41 42 43 44 46 47 48 50 51 52 53 54 55
ply 18|0201002010000102030001000332203000000000000030001000000|9 9 9 0|0 0 0 0|0 0 0 0|1|0||1 3 5 6 8 11 12 13 15 17 19 20 21 23 24 25 30 32 33 34 35 36 37 38 39 40 41 42 43 44 46 47 48 50 51 52 53 54 55
ply 23|0201002010000102030001100332203000000000000030001000000|8 9 9 0|0 0 0 0|0 0 0 0|2|0||5 6 8 10 11 12 13 15 17 19 20 21 25 30 32 33 34 35 36 37 38 39 40 41 42 43 44 46 47 48 50 51 52 53 54 55
ply 33|0201002010000102030001100332203020000000000030001000000|8 8 9 0|0 0 0 0|0 0 0 0|3|0||1 3 5 6 8 10 11 12 13 15 17 19 20 21 24 25 30 32 34 35 36 37 38 39 40 41 42 43 44 46 47 48 50 51 52 53 54 55
ply 13|0201002010003102030001100332203020000000000030001000000|8 8 8 0|0 0 0 0|0 0 0 0|1|0||1 3 5 6 8 11 12 15 17 19 20 21 24 25 30 32 34 35 36 37 38 39 40 41 42 43 44 46 47 48 50 51 52 53 54 55
ply 47|0201002010003102030001100332203020000000000030101000000|7 8 8 0|0 0 0 0|0 0 0 0|2|0||5 6 8 10 11 12 15 17 19 20 21 25 30 32 34 35 36 37 38 39 40 41 42 43 44 46 48 50 51 52 53 54 55
ply 20|0201002010003102030201100332203020000000000030101000000|7 7 8 0|0 0 0 0|0 0 0 0|3|0||1 3 5 6 8 10 11 12 15 17 19 21 24 25 30 32 34 35 36 37 38 39 40 41 42 43 44 46 48 50 51 52 53 54 55
ply 32|0201002010003102030201100332203320000000000030101000000|7 7 7 0|0 0 0 0|0 0 0 0|1|0||1 3 5 6 8 11 12 15 17 19 21 24 25 30 34 35 36 37 38 39 41 42 43 44 46 48 50 51 52 53 54 55
ply 53|0201002010003102030201100332203320000000000030101000100|6 7 7 0|0 0 0 0|0 0 0 0|2|0||5 6 8 10 11 12 15 17 19 21 25 30 34 35 36 37 38 39 40 41 42 43 44 46 48 50 51 52 54 55
ply 55|0201002010003102030201100332203320000000000030101000102|6 6 7 0|0 0 0 0|0 0 0 0|3|0||1 3 5 6 8 10 11 12 15 17 19 21 24 25 30 34 35 36 37 38 39 41 42 43 44 46 48 50 51 52 54
ply 24|0201002010003102030201130332203320000000000030101000102|6 6 6 0|0 0 0 0|0 0 0 0|1|0||1 3 5 6 8 11 12 15 17 19 21 25 30 34 35 36 37 38 39 41 42 43 44 46 48 50 51 52
ply 21|0201002010003102030211130332203320000000000030101000102|5 6 6 0|0 0 0 0|0 0 0 0|2|0||5 6 8 10 11 12 15 17 19 25 30 34 35 36 37 38 39 40 41 42 43 44 46 48 50 51 52
ply 30|0201002010003102030211130332223320000000000030101000102|5 5 6 0|0 0 0 0|0 0 0 0|3|0||1 3 5 6 8 10 11 12 15 17 19 25 34 35 36 37 38 39 41 42 43 44 46 48 50 51 52 54
ply 17|0201002010003102330211130332223320000000000030101000102|5 5 5 0|0 0 0 0|0 0 0 0|1|0||1 3 5 6 8 11 12 15 19 25 34 35 36 37 38 39 41 42 43 44 46 48 50 51 52
ply 39|0201002010003102330211130332223320000010000030101000102|4 5 5 0|0 0 0 0|0 0 0 0|2|0||5 6 8 10 11 12 15 19 25 34 35 36 37 38 40 41 42 43 44 46 48 50 51 52
ply 41|0201002010003102330211130332223320000010200030101000102|4 4 5 0|0 0 0 0|0 0 0 0|3|0||1 3 5 6 8 11 12 15 19 25 34 35 36 37 38 42 43 44 46 48 50 51 52 54
ply 42|0201002010003102330211130332223320000010230030101000102|4 4 4 0|0 0 0 0|0 0 0 0|1|0||1 3 5 6 8 11 12 15 19 25 34 35 36 37 38 43 44 48 50 51 52
ply 44|0201002010003102330211130332223320000010230130101000102|3 4 4 0|0 0 0 0|0 0 0 0|2|0||5 6 8 10 11 12 15 19 25 34 35 36 37 38 40 43 46 48 50 51 52
ply 38|0201002010003102330211130332223320000210230130101000102|3 3 4 0|0 0 0 0|0 0 0 0|3|0||1 3 5 6 8 11 12 15 19 25 34 35 36 37 43 46 48 50 51 52 54
ply 11|0201002010303102330211130332223320000210230130101000102|3 3 3 0|0 0 0 0|0 0 0 0|1|0||1 3 5 6 8 12 15 19 25 34 35 36 37 43 48 50 51 52
ply 3|0211002010303102330211130332223320000210230130101000102|2 3 3 0|0 0 0 0|0 0 0 0|2|0||5 6 8 10 12 15 19 25 34 35 36 37 40 43 46 48 50 51 52 63
ply 52|0211002010303102330211130332223320000210230130101002102|2 2 3 0|0 0 0 0|0 0 0 0|3|0||1 5 6 8 12 15 19 25 34 35 36 37 43 46 48 50 51 54 120
ply 46|0211002010303102330211130332223320000210230133101002102|2 2 2 0|0 0 0 0|0 0 0 0|1|0||5 6 8 12 15 19 25 34 35 36 37 43 48 50 51
ply 36|0211002010303102330211130332223320010210230133101002102|1 2 2 0|0 0 0 0|0 0 0 0|2|0||5 6 8 10 12 15 19 25 34 35 37 40 43 48 50 51 63
ply 63|0011000010300002330000130000003300000010230133101002102|1 10 2 0|0 7 0 0|4 0 3 0|3|0||1 2 5 6 7 8 12 13 14 15 19 20 21 22 25 26 27 28 29 30 33 34 35 36 37 38 43 48 50 51 54
ply 29|0011000010300002330000130000303300000010230133101002102|1 10 1 0|0 7 0 0|4 0 3 0|1|0||5 6 7 8 12 13 14 15 19 20 21 22 25 26 27 28 30 33 34 35 36 37 38 43 48 50 51
ply 26|0011000010300002330000130100303300000010230133101002102|0 10 1 0|0 7 0 0|4 0 3 0|2|0||1 2 5 6 7 8 10 12 13 14 15 19 20 21 22 25 27 28 30 33 34 35 36 37 38 40 43 48 50 51
ply 5|0011200010300002330000130100303300000010230133101002102|0 9 1 0|0 7 0 0|4 0 3 0|3|0||1 2 6 7 8 12 13 14 15 19 20 21 22 25 27 28 30 33 34 35 36 37 38 43 48 50 51 54
ply 36|0011200010300002330000130100303300030010230133101002102|0 9 0 0|0 7 0 0|4 0 3 0|0|2||
game 4
ply 0|0000000000000000000000000000000000000000000000000000000|14 14 14 14|0 0 0 0|0 0 0 0|1|0||1 2 3 4 5 6 7 8 9 10 11 12 13 14 15 16 17 18 19 20 21 22 23 24 25 26 27 28 29 30 31 32 33 34 35 36 37 38 39 40 41 42 43 44 45 46 47 48 49 50 51 52 53 54 55
ply 18|0000000000000000010000000000000000000000000000000000000|13 14 14 14|0 0 0 0|0 0 0 0|2|0||1 2 3 4 5 6 7 8 9 10 11 12 13 14 15 16 17 19 20 21 22 23 24 25 26 27 28 29 30 31 32 33 34 35 36 37 38 39 40 41 42 43 44 45 46 47 48 49 50 51 52 53 54 55
ply 43|0000000000000000010000000000000000000000002000000000000|13 13 14 14|0 0 0 0|0 0 0 0|3|0||1 2 3 4 5 6 7 8 9 10 11 12 13 14 15 16 17 19 20 21 22 23 24 25 26 27 28 29 30 31 32 33 34 35 36 37 38 39 40 41 42 44 45 46 47 48 49 50 51 52 53 54 55
ply 52|0000000000000000010000000000000000000000002000000003000|13 13 13 14|0 0 0 0|0 0 0 0|4|0||1 2 3 4 5 6 7 8 9 10 11 12 13 14 15 16 17 19 20 21 22 23 24 25 26 27 28 29 30 31 32 33 34 35 36 37 38 39 40 41 42 44 45 46 47 48 49 50 51 53 54 55
ply 47|0000000000000000010000000000000000000000002000400003000|13 13 13 13|0 0 0 0|0 0 0 0|1|0||1 2 3 4 5 6 7 8 9 10 11 12 13 14 15 16 17 19 20 21 22 23 24 25 26 27 28 29 30 31 32 33 34 35 36 37 38 39 40 41 42 44 45 46 48 49 50 51 53 54 55
ply 26|0000000000000000010000000100000000000000002000400003000|12 13 13 13|0 0 0 0|0 0 0 0|2|0||1 2 3 4 5 6 7 8 9 10 11 12 13 14 15 16 17 19 20 21 22 23 24 25 27 28 29 30 31 32 33 34 35 36 37 38 39 40 41 42 44 45 46 48 49 50 51 53 54 55
ply 34|0000000000000000010000000100000002000000002000400003000|12 12 13 13|0 0 0 0|0 0 0 0|3|0||1 2 3 4 5 6 7 8 9 10 11 12 13 14 15 16 17 19 20 21 22 23 24 25 27 28 29 30 31 32 33 35 36 37 38 39 40 41 42 44 45 48 49 50 51 53 54 55
ply 49|0000000000000000010000000100000002000000002000403003000|12 12 12 13|0 0 0 0|0 0 0 0|4|0||1 2 3 4 5 6 7 8 9 10 11 12 13 14 15 16 17 19 20 21 22 23 24 25 27 28 29 30 31 32 33 35 36 37 38 39 41 42 44 45 46 48 50 51 53 54 55
ply 6|0000040000000000010000000100000002000000002000403003000|12 12 12 12|0 0 0 0|0 0 0 0|1|0||1 2 3 4 5 7 8 9 10 11 12 13 14 15 16 17 19 20 21 22 23 24 25 27 28 29 30 31 32 33 35 36 37 38 39 40 41 42 44 45 46 48 50 51 53 54 55
ply 24|0000040000000000010000010100000002000000002000403003000|11 12 12 12|0 0 0 0|0 0 0 0|2|0||1 2 3 4 5 7 8 9 10 11 12 13 14 15 16 17 19 20 21 22 23 25 27 28 29 30 31 32 33 35 36 37 38 39 40 41 42 44 45 46 48 50 51 53 54 55
ply 15|0000040000000020010000010100000002000000002000403003000|11 11 12 12|0 0 0 0|0 0 0 0|3|0||1 2 3 4 5 7 8 9 10 11 12 13 14 16 17 19 20 21 22 23 25 27 28 29 30 31 32 33 35 36 37 38 39 40 41 42 44 45 48 50 51 53 54 55
ply 40|0000040000000020010000010100000002000003002000403003000|11 11 11 12|0 0 0 0|0 0 0 0|4|0||1 2 3 4 5 7 8 9 10 11 12 13 14 16 17 19 20 21 22 23 25 27 28 29 30 31 32 33 35 36 37 38 39 41 42 44 45 46 48 50 51 53 54 55
ply 55|0000040000000020010000010100000002000003002000403003004|11 11 11 11|0 0 0 0|0 0 0 0|1|0||1 2 3 4 5 7 8 9 10 11 12 13 14 17 19 20 21 22 23 25 27 28 29 30 31 32 33 35 36 37 38 39 41 42 44 45 46 48 50 51 53 54
ply 27|0000040000000020010000010110000002000003002000403003004|10 11 11 11|0 0 0 0|0 0 0 0|2|0||1 2 3 4 5 7 8 9 10 11 12 13 14 16 17 19 20 21 22 23 25 28 29 30 31 32 33 35 36 37 38 39 41 42 44 45 46 48 50 51 53 54
ply 23|0000040000000020010000210110000002000003002000403003004|10 10 11 11|0 0 0 0|0 0 0 0|3|0||1 2 3 4 5 7 8 9 10 11 12 13 14 16 17 19 20 21 22 25 28 29 30 31 33 35 36 37 38 39 41 42 44 45 48 50 51 53 54
ply 37|0000040000000020010000210110000002003003002000403003004|10 10 10 11|0 0 0 0|0 0 0 0|4|0||1 2 3 4 5 7 8 9 10 11 12 13 14 16 17 19 20 21 22 25 28 29 30 31 32 33 35 36 38 39 41 42 44 45 46 48 50 51 53
ply 11|0000040000400020010000210110000002003003002000403003004|10 10 10 10|0 0 0 0|0 0 0 0|1|0||1 2 3 4 5 7 8 9 10 12 13 14 17 19 20 21 22 25 28 29 30 31 32 33 35 36 38 39 41 42 44 45 46 48 50 51 53 54
ply 17|0000040000400020110000210110000002003003002000403003004|9 10 10 10|0 0 0 0|0 0 0 0|2|0||1 2 3 4 5 7 8 9 10 12 13 14 16 19 20 21 22 25 28 29 30 31 32 33 35 36 38 39 41 42 44 45 46 48 50 51 53 54
ply 8|0000040200400020110000210110000002003003002000403003004|9 9 10 10|0 0 0 0|0 0 0 0|3|0||1 2 3 4 5 7 9 10 12 13 14 16 19 20 21 22 25 28 29 30 31 33 35 36 38 39 41 42 44 45 48 50 51 53 54
ply 50|0000040200400020110000210110000002003003002000403303004|9 9 9 10|0 0 0 0|0 0 0 0|4|0||1 2 3 4 5 7 9 10 12 13 14 16 19 20 21 22 25 28 29 30 31 32 33 35 36 38 39 41 42 44 45 46 48 51 53
ply 28|0000040200400020110000210114000002003003002000403303004|9 9 9 9|0 0 0 0|0 0 0 0|1|0||1 2 3 4 5 7 9 12 13 14 19 20 21 22 25 29 30 31 32 33 35 36 38 39 41 42 44 45 46 48 51 53 54
ply 13|0000040200401020110000210114000002003003002000403303004|8 9 9 9|0 0 0 0|0 0 0 0|2|0||1 2 3 4 5 7 9 10 12 14 16 19 20 21 22 25 29 30 31 32 33 35 36 38 39 41 42 44 45 46 48 51 53 54
ply 35|0000040200401020110000210114000002203003002000403303004|8 8 9 9|0 0 0 0|0 0 0 0|3|0||1 2 3 4 5 7 9 10 12 14 16 19 20 21 22 25 29 30 31 33 36 38 39 41 42 44 45 48 51 53 54
ply 1|3000040200401020110000210114000002203003002000403303004|8 8 8 9|0 0 0 0|0 0 0 0|4|0||2 3 4 5 7 9 10 12 14 16 19 20 21 22 25 29 30 31 32 33 36 38 39 41 42 44 45 46 48 51 53
ply 20|3000040200401020110400210114000002203003002000403303004|8 8 8 8|0 0 0 0|0 0 0 0|1|0||2 3 4 5 7 9 12 14 19 21 22 25 29 30 31 32 33 36 38 39 41 42 44 45 46 48 51 53 54
ply 41|3000040200401020110400210114000002203003102000403303004|7 8 8 8|0 0 0 0|0 0 0 0|2|0||2 3 4 5 7 9 10 12 14 16 19 21 22 25 29 30 31 32 33 36 38 39 42 44 45 46 48 51 53 54
ply 53|3000040200401020110400210114000002203003102000403303204|7 7 8 8|0 0 0 0|0 0 0 0|3|0||3 4 5 7 9 10 12 14 16 19 21 22 25 29 30 31 33 36 38 39 42 44 45 48 51 54
ply 36|3000040200401020110400210114000002233003102000403303204|7 7 7 8|0 0 0 0|0 0 0 0|4|0||2 3 4 5 7 9 10 12 14 16 19 21 22 25 29 30 31 32 33 38 39 42 44 45 46 48 51
ply 5|3000440200401020110400210114000002233003102000403303204|7 7 7 7|0 0 0 0|0 0 0 0|1|0||2 3 4 7 9 12 14 19 21 22 25 29 30 31 32 33 38 39 42 44 45 46 48 51 54
ply 38|3000440200401020110400210114000002233103102000403303204|6 7 7 7|0 0 0 0|0 0 0 0|2|0||2 3 4 7 9 10 12 14 16 19 21 22 25 29 30 31 32 33 39 42 44 45 46 48 51
ply 33|3000440200401020110400210114000022233103102000403303204|6 6 7 7|0 0 0 0|0 0 0 0|3|0||3 4 7 9 10 12 14 16 19 21 22 25 29 30 31 39 42 44 45 48 51 54
ply 39|3000440200401020110400210114000022233133102000403303204|6 6 6 7|0 0 0 0|0 0 0 0|4|0||2 3 4 7 9 10 12 14 16 19 21 22 25 29 30 31 32 42 44 45 46 48 51
ply 7|3000444200401020110400210114000022233133102000403303204|6 6 6 6|0 0 0 0|0 0 0 0|1|0||2 3 4 9 12 14 19 21 22 25 29 30 31 32 42 44 45 46 48 51 54
ply 31|3000444200401020110400210114001022233133102000403303204|5 6 6 6|0 0 0 0|0 0 0 0|2|0||2 3 4 9 10 12 14 16 19 21 22 25 29 30 32 42 44 45 46 48 51
ply 19|3000444200401020112400210114001022233133102000403303204|5 5 6 6|0 0 0 0|0 0 0 0|3|0||3 4 9 10 12 14 16 21 22 25 29 30 42 44 45 48 51 54 178
ply 9|3000444230401020112400210114001022233133102000403303204|5 5 5 6|0 0 0 0|0 0 0 0|4|0||2 3 4 10 12 14 16 21 22 25 29 30 32 42 44 45 46 48 51 107
ply 107|3000000230400020112000210114001022233133102000403303204|5 5 5 10|0 0 0 1|1 0 0 0|1|0||2 3 4 5 6 7 12 13 14 20 21 22 25 29 30 32 42 44 45 46 48 51 54
ply 20|3000000230400020112100210114001022233133102000403303204|4 5 5 10|0 0 0 1|1 0 0 0|2|0||2 3 4 5 6 7 10 12 13 14 16 21 22 25 29 30 32 42 44 45 46 48 51 101
ply 101|3000000230400020110100210004001000033133102000403303204|4 9 5 10|0 2 0 1|3 0 0 0|3|0||3 4 5 6 7 10 12 13 14 19 21 22 25 26 27 29 30 33 34 35 42 44 45 48 51 54 178
ply 178|3000000230400020110100210004001000030003102000403300204|4 9 8 10|0 2 1 1|4 0 0 0|4|0||2 3 4 5 6 7 10 12 13 14 16 19 21 22 25 26 27 29 30 32 33 34 35 37 38 39 42 44 45 46 48 51 52
ply 10|3000000234400020110100210004001000030003102000403300204|4 9 8 9|0 2 1 1|4 0 0 0|1|0||2 3 4 5 6 7 12 13 14 19 21 22 25 26 27 29 30 32 33 34 35 37 38 39 42 44 45 46 48 51 52 54
ply 51|3000000234400020110100210004001000030003102000403310204|3 9 8 9|0 2 1 1|4 0 0 0|2|0||2 3 4 5 6 7 12 13 14 16 19 21 22 25 26 27 29 30 32 33 34 35 37 38 39 42 44 45 46 48 52
ply 5|3000200234400020110100210004001000030003102000403310204|3 8 8 9|0 2 1 1|4 0 0 0|3|0||3 4 6 7 12 13 14 19 21 22 25 26 27 29 30 33 34 35 37 38 39 42 44 45 46 48 52 54
ply 7|3000203234400020110100210004001000030003102000403310204|3 8 7 9|0 2 1 1|4 0 0 0|4|0||2 3 6 12 13 14 16 19 21 22 25 26 27 29 30 32 33 34 35 37 38 39 42 44 45 46 48 52
ply 26|3000203234400020110100210404001000030003102000403310204|3 8 7 8|0 2 1 1|4 0 0 0|1|0||2 3 4 6 12 13 14 19 21 22 25 27 29 30 32 33 34 35 37 38 39 42 44 45 46 48 52 54 149 177
ply 52|3000203234400020110100210404001000030003102000403311204|2 8 7 8|0 2 1 1|4 0 0 0|2|0||2 3 4 6 12 13 14 16 19 21 22 25 27 29 30 32 33 34 35 37 38 39 42 44 45 46 48
ply 22|3000203234400020110102210404001000030003102000403311204|2 7 7 8|0 2 1 1|4 0 0 0|3|0||3 4 6 12 13 14 19 21 25 27 29 30 33 34 35 37 38 39 42 44 45 46 48 54
ply 48|3000203234400020110102210404001000030003102000433311204|2 7 6 8|0 2 1 1|4 0 0 0|4|0||2 3 6 12 13 14 16 19 21 25 27 29 30 32 33 34 35 37 38 39 42 44 45 46
ply 37|3000203234400020110102210404001000034003102000433311204|2 7 6 7|0 2 1 1|4 0 0 0|1|0||2 3 4 6 12 13 14 19 21 25 27 29 30 32 33 34 35 38 39 42 44 45 54 149 177
ply 177|3000203234400020110000000400000000000003102000433301204|6 7 6 7|5 2 1 1|4 2 1 2|2|0||2 3 4 6 12 13 14 16 19 20 21 22 23 24 25 27 28 29 30 31 32 33 34 35 36 37 38 39 42 44 45 46 51
ply 12|3000203234420020110000000400000000000003102000433301204|6 6 6 7|5 2 1 1|4 2 1 2|3|0||3 4 6 13 14 19 20 21 22 23 24 25 27 28 29 30 31 33 34 35 36 37 38 39 42 44 45 46 51 54
ply 4|3003203234420020110000000400000000000003102000433301204|6 6 5 7|5 2 1 1|4 2 1 2|4|0||2 3 6 13 14 16 19 20 21 22 23 24 25 27 28 29 30 31 32 33 34 35 36 37 38 39 42 44 45 46 51
ply 37|3003203234420020110000000400000000004003102000433301204|6 6 5 6|5 2 1 1|4 2 1 2|1|0||2 3 6 13 14 16 19 20 21 22 23 24 25 27 28 29 30 31 32 33 34 35 36 38 39 42 44 45 51 54
ply 20|3003203234420020110100000400000000004003102000433301204|5 6 5 6|5 2 1 1|4 2 1 2|2|0||2 3 6 13 14 16 19 21 22 23 24 25 27 28 29 30 31 32 33 34 35 36 38 39 42 44 45 46 51
ply 34|3003203234420020110100000400000002004003102000433301204|5 5 5 6|5 2 1 1|4 2 1 2|3|0||3 6 13 14 19 21 22 23 24 25 27 28 29 30 31 33 35 36 38 39 42 44 45 46 51 54
ply 31|3003203234420020110100000400003002004003102000433301204|5 5 4 6|5 2 1 1|4 2 1 2|4|0||2 3 6 13 14 16 19 21 22 23 24 25 27 28 29 30 32 33 35 36 38 39 42 44 45 46 51
ply 25|3003203234420020110100004400003002004003102000433301204|5 5 4 5|5 2 1 1|4 2 1 2|1|0||2 3 6 13 14 16 19 21 22 23 24 27 28 29 30 32 33 35 36 38 39 42 44 45 51 54 149
ply 149|3003203234420020000000000000003000004003002000433301204|9 5 4 5|8 2 1 1|4 3 1 4|2|0||2 3 6 13 14 16 17 18 19 20 21 22 23 24 25 26 27 28 29 30 32 33 34 35 36 38 39 41 42 44 45 46 51
ply 21|3003203234420020000020000000003000004003002000433301204|9 4 4 5|8 2 1 1|4 3 1 4|3|0||3 6 13 14 17 18 19 20 22 23 24 25 26 27 28 29 30 33 34 35 36 38 39 41 42 44 45 46 51 54
ply 35|3003203234420020000020000000003000304003002000433301204|9 4 3 5|8 2 1 1|4 3 1 4|4|0||2 3 6 13 14 16 18 19 20 22 23 24 25 26 27 28 29 30 32 33 34 36 38 39 41 42 44 45 46 51
ply 24|3003203234420020000020040000003000304003002000433301204|9 4 3 4|8 2 1 1|4 3 1 4|1|0||2 3 6 13 14 16 17 18 19 20 22 23 25 26 27 28 29 30 32 33 34 36 38 39 41 42 44 45 51 54
ply 38|3003203234420020000020040000003000304103002000433301204|8 4 3 4|8 2 1 1|4 3 1 4|2|0||2 3 6 13 14 16 17 18 19 20 22 23 25 26 27 28 29 30 32 33 34 36 39 41 42 44 45 46 51
ply 46|3003203234420020000020040000003000304103002002433301204|8 3 3 4|8 2 1 1|4 3 1 4|3|0||3 6 13 14 17 18 19 20 22 23 25 26 27 28 29 30 33 34 36 39 41 42 44 45 51 54 136
ply 17|3003203234420020300020040000003000304103002002433301204|8 3 2 4|8 2 1 1|4 3 1 4|4|0||2 3 6 13 14 18 19 20 22 23 25 26 27 28 29 30 32 33 34 36 39 41 42 44 45 51
ply 19|3003203234420020304020040000003000304103002002433301204|8 3 2 3|8 2 1 1|4 3 1 4|1|0||2 3 6 13 14 16 18 20 22 23 25 26 27 28 29 30 32 33 34 36 39 41 42 44 45 51 54
ply 23|3003203234420020304020140000003000304103002002433301204|7 3 2 3|8 2 1 1|4 3 1 4|2|0||2 3 6 13 14 16 18 20 22 25 26 27 28 29 30 32 33 34 36 41 42 44 45 51
ply 44|3003203234420020304020140000003000304103002202433301204|7 2 2 3|8 2 1 1|4 3 1 4|3|0||3 6 13 14 18 20 22 25 26 27 28 29 30 33 34 36 39 41 42 45 51 54 136
ply 54|3003203234420020304020140000003000304103002202433301234|7 2 1 3|8 2 1 1|4 3 1 4|4|0||2 3 6 13 14 18 20 22 25 26 27 28 29 30 32 33 34 36 39 41 42 45 51 191
ply 191|3003203234420020300000000000000000000003000002433001230|7 2 1 7|8 2 1 9|6 6 4 4|1|0||2 3 6 13 14 16 18 19 20 21 22 23 24 25 26 27 28 29 30 31 32 33 34 35 36 37 38 39 41 42 43 44 45 50 51 55
ply 34|3003203234420020300000000000000001000003000002433001230|6 2 1 7|8 2 1 9|6 6 4 4|2|0||2 3 6 13 14 16 18 19 20 21 22 23 24 25 26 27 28 29 30 31 32 33 35 36 37 38 41 42 43 44 45 50 51 55
ply 50|3003203234420020300000000000000001000003000002433201230|6 1 1 7|8 2 1 9|6 6 4 4|3|0||6 13 14 18 19 20 21 22 23 25 26 27 28 29 30 31 33 35 36 37 38 41 42 43 44 45 51
ply 21|3003203234420020300030000000000001000003000002433201230|6 1 0 7|8 2 1 9|6 6 4 4|4|0||2 3 6 13 14 16 18 19 20 22 23 24 25 26 27 28 29 30 31 32 33 35 36 37 38 39 41 42 43 44 45 51 55
ply 2|3403203234420020300030000000000001000003000002433201230|6 1 0 6|8 2 1 9|6 6 4 4|1|0||3 6 13 14 16 18 19 20 22 23 24 25 26 27 28 29 30 31 32 33 35 36 37 38 39 41 42 43 44 45 51 55
ply 37|3403203234420020300030000000000001001003000002433201230|5 1 0 6|8 2 1 9|6 6 4 4|2|0||3 6 13 14 16 18 19 20 22 23 24 25 26 27 28 29 30 31 32 33 35 36 38 41 42 43 44 45 51 55
ply 18|3403203234420020320030000000000001001003000002433201230|5 0 0 6|8 2 1 9|6 6 4 4|3|0||166
ply 166|3403203234420020000000000000000000001003000002403201230|5 0 3 6|8 2 3 9|7 7 4 4|4|0||6 13 14 16 18 19 20 21 22 23 24 25 26 27 28 29 30 31 32 33 34 35 36 38 39 41 42 43 44 45 48 51 55
ply 18|3403203234420020040000000000000000001003000002403201230|5 0 3 5|8 2 3 9|7 7 4 4|1|0||3 6 13 14 16 17 19 20 21 22 23 24 25 26 27 28 29 30 31 32 33 34 35 36 38 39 41 42 43 44 45 48 51 55
ply 38|3403203234420020040000000000000000001103000002403201230|4 0 3 5|8 2 3 9|7 7 4 4|3|0|2|3 6 13 14 17 19 20 21 22 23 24 25 26 27 28 29 30 31 33 34 35 36 39 41 42 43 44 45 48 51
ply 20|3403203234420020040300000000000000001103000002403201230|4 0 2 5|8 2 3 9|7 7 4 4|4|0||6 13 14 16 19 21 22 23 24 25 26 27 28 29 30 31 32 33 34 35 36 39 41 42 43 44 45 48 51 55
ply 31|3403203234420020040300000000004000001103000002403201230|4 0 2 4|8 2 3 9|7 7 4 4|1|0||3 6 13 14 16 17 19 21 22 23 24 25 26 27 28 29 30 32 33 34 35 36 39 41 42 43 44 45 48 51 55
ply 55|3403203234420020040300000000004000001103000002403201231|3 0 2 4|8 2 3 9|7 7 4 4|3|0|2|3 6 13 14 17 19 21 22 23 24 25 26 27 28 29 30 33 34 35 36 39 41 42 43 44 45 48 51
ply 28|3403203234420020040300000003004000001103000002403201231|3 0 1 4|8 2 3 9|7 7 4 4|4|0||6 13 14 16 19 21 22 23 24 25 26 27 29 30 32 33 34 35 36 39 41 42 43 44 45 48 51
ply 23|3403203234420020040300400003004000001103000002403201231|3 0 1 3|8 2 3 9|7 7 4 4|1|0||3 6 13 14 16 17 19 21 22 24 25 26 27 29 30 32 33 34 35 36 39 41 42 43 44 45 48 51
ply 19|3403203234420020041300400003004000001103000002403201231|2 0 1 3|8 2 3 9|7 7 4 4|3|0|2|3 6 13 14 17 21 22 24 25 26 27 29 30 33 34 35 36 39 41 42 43 44 45 48 51
ply 30|3403203234420020041300400003034000001103000002403201231|2 0 0 3|8 2 3 9|7 7 4 4|4|0||6 13 14 16 21 22 24 25 26 27 29 32 33 34 35 36 39 41 42 43 44 45 48 51
ply 42|3403203234420020041300400003034000001103040002403201231|2 0 0 2|8 2 3 9|7 7 4 4|1|0||3 6 13 14 16 17 21 22 24 25 26 27 29 32 33 34 35 36 39 41 43 44 45 48 51
ply 39|3403203234420020041300400003034000001113040002403201231|1 0 0 2|8 2 3 9|7 7 4 4|4|0|2 3|6 13 14 16 21 22 24 25 26 27 29 32 33 34 35 36 41 43 44 45 48 51
ply 14|3403203234420420041300400003034000001113040002403201231|1 0 0 1|8 2 3 9|7 7 4 4|1|0||3 6 13 16 17 21 22 24 25 26 27 29 32 33 34 35 36 41 43 44 45 48 51 178
ply 178|3403203234420420041300400003034000000003040000403200231|5 0 0 1|9 2 3 9|7 8 4 4|4|0|2 3|6 13 16 21 22 24 25 26 27 29 32 33 34 35 36 37 38 39 41 43 44 45 46 48 51 52 152
ply 46|3403203234420420041300400003034000000003040004403200231|5 0 0 0|9 2 3 9|7 8 4 4|1|0||3 6 13 16 17 21 22 24 25 26 27 29 32 33 34 35 36 37 38 39 41 43 44 45 48 51 52
ply 32|3403203234420420041300400003034100000003040004403200231|4 0 0 0|9 2 3 9|7 8 4 4|4|0|2 3|97 152
ply 152|3403203230000020000000400000034100000003000004403200231|4 0 0 5|9 2 3 13|8 9 6 4|1|0||3 6 10 11 12 13 14 16 17 18 19 20 21 22 24 25 26 27 28 29 33 34 35 36 37 38 39 41 42 43 44 45 48 51 52
ply 34|3403203230000020000000400000034101000003000004403200231|3 0 0 5|9 2 3 13|8 9 6 4|4|0|2 3|6 10 11 12 13 14 16 17 18 19 20 21 22 24 25 26 27 28 29 33 35 36 37 38 41 42 43 44 45 48 51
ply 22|3403203230000020000004400000034101000003000004403200231|3 0 0 4|9 2 3 13|8 9 6 4|1|0||3 6 10 11 12 13 14 16 17 18 19 20 21 24 25 26 27 28 29 33 35 36 37 38 39 41 42 43 44 45 48 51 52
ply 42|3403203230000020000004400000034101000003010004403200231|2 0 0 4|9 2 3 13|8 9 6 4|4|0|2 3|6 10 11 12 13 14 16 17 18 19 20 21 24 25 26 27 28 29 33 35 36 37 38 41 43 44 45 48 51
ply 21|3403203230000020000044400000034101000003010004403200231|2 0 0 3|9 2 3 13|8 9 6 4|1|0||3 6 10 11 12 13 14 16 17 18 19 20 24 25 26 27 28 29 33 35 36 37 38 39 41 43 44 45 48 51 52
ply 13|3403203230001020000044400000034101000003010004403200231|1 0 0 3|9 2 3 13|8 9 6 4|4|0|2 3|6 10 11 12 14 16 17 18 19 20 24 25 26 27 28 29 33 35 36 37 38 41 43 44 45 48 51
ply 48|3403203230001020000044400000034101000003010004443200231|1 0 0 2|9 2 3 13|8 9 6 4|1|0||3 6 10 11 12 14 16 17 18 19 20 24 25 26 27 28 29 33 35 36 37 38 39 41 43 44 45 51 52
ply 19|3403203230001020001044400000034101000003010004443200231|0 0 0 2|9 2 3 13|8 9 6 4|0|4||
search 0 0 32|1 2 3 4 5 6 7 8 9 10 11 12 13 14 15 16 17 18 19 20 21 22 23 24 25 26 27 28 29 30 31 32 33 34 35 36 37 38 39 40 41 42 43 44 45 46 47 48 49 50 51 52 53 54 55|0 5 0 0 0 0 0 0 0 5 0 0 0 0 0 6 0 0 0 0 0 0 0 0 0 0 0 0 0 0 0 0 0 0 0 0 0 0 0 5 0 0 0 0 0 6 0 0 0 0 0 0 0 5 0
search 0 7 32|1 4 6 7 8 9 10 11 12 13 14 16 18 19 20 21 22 23 24 25 26 28 29 30 31 32 33 34 36 37 38 39 40 41 42 43 44 45 46 48 49 50 51 52 53 54 55|1 1 0 0 0 0 0 3 0 0 0 9 0 0 0 0 0 0 0 0 0 0 0 0 0 0 0 0 0 0 0 7 0 0 0 0 0 0 0 0 7 0 0 0 0 4 0
search 0 20 32|2 4 6 7 8 9 11 13 14 16 18 19 20 21 22 23 24 25 26 31 34 36 38 39 41 42 43 44 45 48 49 52|0 0 0 12 0 0 0 6 0 0 0 0 0 0 0 0 0 0 13 0 0 0 0 0 0 0 0 0 0 0 0 1
search 1 0 32|1 2 3 4 5 6 7 8 9 10 11 12 13 14 15 16 17 18 19 20 21 22 23 24 25 26 27 28 29 30 31 32 33 34 35 36 37 38 39 40 41 42 43 44 45 46 47 48 49 50 51 52 53 54 55|0 5 0 0 0 0 0 0 0 5 0 0 0 0 0 6 0 0 0 0 0 0 0 0 0 0 0 0 0 0 0 0 0 0 0 0 0 0 0 5 0 0 0 0 0 6 0 0 0 0 0 0 0 5 0
search 1 7 32|2 3 4 5 6 7 8 9 10 11 12 13 14 16 17 18 19 20 21 22 23 24 25 26 27 28 29 31 32 33 35 37 39 40 41 42 43 45 46 47 48 49 50 51 52 53 54 55|1 0 0 0 0 12 0 0 0 0 0 0 0 0 0 0 0 0 0 6 0 0 0 0 0 0 0 0 0 0 0 0 0 0 0 0 0 0 0 0 0 0 0 13 0 0 0 0
search 1 20 32|3 4 5 6 7 8 9 10 11 12 13 14 16 18 19 20 22 23 24 25 27 28 29 31 33 35 37 38 39 40 42 43 44 46 47 48 49 50 52 54|0 0 0 0 1 0 0 6 0 4 0 0 0 0 0 4 0 0 0 0 0 0 0 0 0 0 0 0 0 0 0 0 0 8 9 0 0 0 0 0
